timestamp,id,group,action
2016-09-24 17:42:27.839496,804196,experiment,view
2016-09-24 19:19:03.542569,434745,experiment,view
2016-09-24 19:36:00.944135,507599,experiment,view
2016-09-24 19:59:02.646620,671993,control,view
2016-09-24 20:26:14.466886,536734,experiment,view
2016-09-24 20:32:25.712659,681598,experiment,view
2016-09-24 20:39:03.248853,522116,experiment,view
2016-09-24 20:57:20.336757,349125,experiment,view
2016-09-24 20:58:01.948663,349125,experiment,click
2016-09-24 21:00:12.278374,560027,control,view
2016-09-24 21:00:41.351487,265695,experiment,view
2016-09-24 21:05:15.348935,601714,experiment,view
2016-09-24 21:06:27.553057,601714,experiment,click
2016-09-24 21:09:09.046127,416862,experiment,view
2016-09-24 21:29:19.766467,487634,experiment,view
2016-09-24 21:30:02.739756,487634,experiment,click
2016-09-24 23:01:08.713402,468601,experiment,view
2016-09-24 23:01:12.108316,468601,experiment,click
2016-09-24 23:08:35.540897,293251,experiment,view
2016-09-24 23:50:31.623841,515303,experiment,view
2016-09-25 00:00:47.700734,555973,experiment,view
2016-09-25 00:01:47.933853,555973,experiment,click
2016-09-25 00:06:13.556666,756950,experiment,view
2016-09-25 00:25:14.141290,281985,control,view
2016-09-25 01:14:48.603202,407864,control,view
2016-09-25 02:16:11.046654,342984,control,view
2016-09-25 02:41:58.928919,716544,control,view
2016-09-25 02:52:43.844199,398892,control,view
2016-09-25 02:53:25.459874,398892,control,click
2016-09-25 03:28:47.603433,444902,experiment,view
2016-09-25 03:29:16.000743,444902,experiment,click
2016-09-25 03:50:39.942229,769969,control,view
2016-09-25 03:50:49.200721,462225,control,view
2016-09-25 03:51:40.536864,710625,experiment,view
2016-09-25 03:53:07.494954,667387,control,view
2016-09-25 04:14:28.942153,588929,experiment,view
2016-09-25 05:18:58.565357,544571,control,view
2016-09-25 05:19:15.810727,544571,control,click
2016-09-25 05:21:26.612444,824613,control,view
2016-09-25 05:42:34.858176,269335,experiment,view
2016-09-25 05:44:09.740212,269335,experiment,click
2016-09-25 05:47:10.299045,199091,control,view
2016-09-25 06:02:34.302094,694237,experiment,view
2016-09-25 06:36:22.815564,685428,experiment,view
2016-09-25 06:59:23.730896,596892,experiment,view
2016-09-25 07:00:09.016928,596892,experiment,click
2016-09-25 07:23:22.139057,653403,experiment,view
2016-09-25 07:24:28.569074,653403,experiment,click
2016-09-25 07:49:38.522862,408725,experiment,view
2016-09-25 08:07:19.474850,731880,experiment,view
2016-09-25 08:10:40.809288,922848,experiment,view
2016-09-25 08:11:34.739246,922848,experiment,click
2016-09-25 08:12:50.534459,547020,control,view
2016-09-25 08:22:31.565265,283438,experiment,view
2016-09-25 08:23:37.177352,283438,experiment,click
2016-09-25 08:24:31.192802,194950,control,view
2016-09-25 08:25:32.821891,194950,control,click
2016-09-25 09:43:32.734737,894454,control,view
2016-09-25 09:45:12.114972,894454,control,click
2016-09-25 10:08:18.615057,762607,experiment,view
2016-09-25 10:08:23.700888,370483,experiment,view
2016-09-25 10:09:35.151596,370483,experiment,click
2016-09-25 10:37:38.286145,639852,control,view
2016-09-25 10:38:53.299877,639852,control,click
2016-09-25 10:41:43.797432,826660,experiment,view
2016-09-25 10:42:44.524671,826660,experiment,click
2016-09-25 11:21:28.050884,381380,control,view
2016-09-25 11:21:45.746610,381380,control,click
2016-09-25 11:28:08.990099,192086,control,view
2016-09-25 12:21:40.028731,910738,control,view
2016-09-25 12:22:00.812144,910738,control,click
2016-09-25 12:23:18.701881,737242,control,view
2016-09-25 13:10:10.377296,631731,control,view
2016-09-25 13:11:19.374732,208738,experiment,view
2016-09-25 14:32:38.760699,284158,control,view
2016-09-25 14:42:42.277493,246990,experiment,view
2016-09-25 14:43:34.676181,246990,experiment,click
2016-09-25 14:56:09.503204,832871,experiment,view
2016-09-25 14:56:11.729274,832871,experiment,click
2016-09-25 15:39:27.699425,931724,control,view
2016-09-25 16:31:08.618030,461125,control,view
2016-09-25 16:31:42.041264,461125,control,click
2016-09-25 17:14:45.298832,694466,experiment,view
2016-09-25 17:44:28.498811,605472,control,view
2016-09-25 17:56:36.209195,394070,control,view
2016-09-25 18:50:14.277627,368583,control,view
2016-09-25 18:51:29.350926,368583,control,click
2016-09-25 19:22:15.472491,828518,experiment,view
2016-09-25 19:56:40.654548,561305,control,view
2016-09-25 20:04:36.875156,833404,experiment,view
2016-09-25 20:06:24.268109,808288,experiment,view
2016-09-25 20:12:49.736297,714681,experiment,view
2016-09-25 20:51:30.731753,456084,experiment,view
2016-09-25 20:56:05.599832,593665,control,view
2016-09-25 21:04:14.385072,752081,control,view
2016-09-25 22:12:01.772753,692154,experiment,view
2016-09-25 23:14:26.913489,262702,experiment,view
2016-09-25 23:58:05.454334,816232,experiment,view
2016-09-26 00:10:33.613867,489436,control,view
2016-09-26 00:16:56.198119,712525,control,view
2016-09-26 01:01:00.092113,697796,experiment,view
2016-09-26 01:03:41.816019,850998,experiment,view
2016-09-26 01:17:35.941622,839729,experiment,view
2016-09-26 01:18:15.158958,839729,experiment,click
2016-09-26 01:39:41.529853,398690,experiment,view
2016-09-26 02:38:53.847335,808250,experiment,view
2016-09-26 02:51:49.555121,631221,control,view
2016-09-26 03:06:30.020644,659470,control,view
2016-09-26 03:09:27.564230,332165,experiment,view
2016-09-26 03:10:55.775433,332165,experiment,click
2016-09-26 03:16:11.734454,591554,control,view
2016-09-26 03:18:24.639752,855872,control,view
2016-09-26 03:18:41.398393,855872,control,click
2016-09-26 03:49:38.429989,828173,control,view
2016-09-26 03:54:36.228671,810097,control,view
2016-09-26 03:59:19.412179,419098,control,view
2016-09-26 04:04:04.924864,691753,experiment,view
2016-09-26 04:04:55.719512,691753,experiment,click
2016-09-26 05:04:33.999342,830998,control,view
2016-09-26 05:10:53.283790,226057,experiment,view
2016-09-26 05:11:49.292616,226057,experiment,click
2016-09-26 05:25:20.087187,417019,control,view
2016-09-26 05:26:30.181897,417019,control,click
2016-09-26 05:49:40.570358,321902,experiment,view
2016-09-26 06:13:46.607496,857158,experiment,view
2016-09-26 06:27:22.733783,900572,control,view
2016-09-26 06:44:08.252978,852585,experiment,view
2016-09-26 06:44:55.157139,852585,experiment,click
2016-09-26 07:45:19.731683,333604,control,view
2016-09-26 08:05:46.257439,482798,control,view
2016-09-26 08:07:15.991936,482798,control,click
2016-09-26 08:35:17.729919,771770,control,view
2016-09-26 08:35:20.910229,200826,control,view
2016-09-26 09:08:05.829440,805722,experiment,view
2016-09-26 09:23:40.583499,366151,experiment,view
2016-09-26 09:24:28.448300,366151,experiment,click
2016-09-26 09:31:19.494259,769017,control,view
2016-09-26 09:32:20.883596,769017,control,click
2016-09-26 09:49:03.590357,294127,control,view
2016-09-26 10:46:08.908152,308217,experiment,view
2016-09-26 11:09:44.955162,195681,control,view
2016-09-26 11:29:18.176587,734696,control,view
2016-09-26 11:36:55.285655,835449,experiment,view
2016-09-26 11:37:49.346446,835449,experiment,click
2016-09-26 12:35:52.377723,217944,control,view
2016-09-26 13:36:33.199438,889323,experiment,view
2016-09-26 13:41:30.418993,365028,control,view
2016-09-26 13:42:10.077128,365028,control,click
2016-09-26 13:55:57.921456,324997,control,view
2016-09-26 14:55:25.491699,924123,control,view
2016-09-26 15:18:23.749454,371923,experiment,view
2016-09-26 15:47:48.068484,662354,control,view
2016-09-26 15:48:30.620587,570451,control,view
2016-09-26 15:57:43.622238,358562,experiment,view
2016-09-26 16:13:41.166404,480891,control,view
2016-09-26 16:14:42.358603,480891,control,click
2016-09-26 17:09:19.532948,234444,control,view
2016-09-26 17:10:15.408584,234444,control,click
2016-09-26 17:24:24.880868,792966,control,view
2016-09-26 17:25:55.875513,792966,control,click
2016-09-26 17:47:09.526810,426624,control,view
2016-09-26 18:02:31.611273,550685,control,view
2016-09-26 18:02:55.664765,550685,control,click
2016-09-26 19:10:20.700922,184992,control,view
2016-09-26 19:11:30.281485,184992,control,click
2016-09-26 20:16:28.976996,408715,experiment,view
2016-09-26 20:17:09.816724,802067,control,view
2016-09-26 20:17:30.582794,408715,experiment,click
2016-09-26 20:20:32.023310,713232,control,view
2016-09-26 20:25:01.777477,703473,control,view
2016-09-26 20:39:27.813913,766674,control,view
2016-09-26 20:40:45.658446,766674,control,click
2016-09-26 21:22:34.015776,208263,control,view
2016-09-26 22:12:40.587393,535852,experiment,view
2016-09-26 22:27:51.554535,730970,control,view
2016-09-26 22:38:41.248758,436761,experiment,view
2016-09-26 22:41:19.328975,489523,experiment,view
2016-09-26 22:42:06.686098,489523,experiment,click
2016-09-26 23:03:25.143646,707411,control,view
2016-09-26 23:03:36.132826,707411,control,click
2016-09-27 00:07:08.065493,393493,control,view
2016-09-27 00:15:09.567317,555874,control,view
2016-09-27 01:18:09.067112,413838,control,view
2016-09-27 01:28:15.644281,787142,control,view
2016-09-27 01:40:07.555049,504397,experiment,view
2016-09-27 02:05:16.627940,859036,control,view
2016-09-27 02:33:28.782756,489857,control,view
2016-09-27 02:37:04.441601,676676,experiment,view
2016-09-27 02:43:15.187822,304461,control,view
2016-09-27 02:44:02.895865,304461,control,click
2016-09-27 03:16:53.729397,468496,experiment,view
2016-09-27 03:57:46.067887,604499,control,view
2016-09-27 04:08:57.035784,632767,control,view
2016-09-27 04:09:32.558291,632767,control,click
2016-09-27 04:15:47.650356,726650,control,view
2016-09-27 04:16:40.813888,726650,control,click
2016-09-27 05:19:06.036090,867214,control,view
2016-09-27 06:06:10.992233,823179,control,view
2016-09-27 06:16:56.956350,323891,control,view
2016-09-27 06:21:49.204403,349239,experiment,view
2016-09-27 06:22:46.796516,349239,experiment,click
2016-09-27 06:54:29.760732,913215,control,view
2016-09-27 06:54:39.212176,225854,control,view
2016-09-27 06:55:23.079878,225854,control,click
2016-09-27 07:26:02.712979,828266,experiment,view
2016-09-27 07:26:41.519542,828266,experiment,click
2016-09-27 08:12:10.923766,873677,control,view
2016-09-27 08:18:01.708371,774573,control,view
2016-09-27 08:19:02.445493,774573,control,click
2016-09-27 09:02:34.954404,825953,experiment,view
2016-09-27 09:03:32.613749,825953,experiment,click
2016-09-27 09:33:40.366344,449882,control,view
2016-09-27 09:34:51.856825,449882,control,click
2016-09-27 09:39:47.712163,933055,experiment,view
2016-09-27 09:55:24.319073,413739,control,view
2016-09-27 10:47:56.344545,712268,control,view
2016-09-27 10:51:27.984435,667178,experiment,view
2016-09-27 11:02:42.222380,457832,control,view
2016-09-27 11:03:45.643705,457832,control,click
2016-09-27 11:17:43.561676,404638,experiment,view
2016-09-27 12:13:38.249236,931812,control,view
2016-09-27 12:14:26.771951,931812,control,click
2016-09-27 12:16:39.060228,557715,control,view
2016-09-27 12:18:17.210628,557715,control,click
2016-09-27 12:29:49.806524,786605,experiment,view
2016-09-27 12:30:09.585247,786605,experiment,click
2016-09-27 13:06:26.662873,435555,experiment,view
2016-09-27 13:18:06.568969,435421,control,view
2016-09-27 14:17:17.530941,335252,control,view
2016-09-27 14:19:57.945394,784186,experiment,view
2016-09-27 14:54:46.017419,420863,experiment,view
2016-09-27 14:55:26.299202,420863,experiment,click
2016-09-27 15:43:51.973062,755354,experiment,view
2016-09-27 15:44:59.153671,755354,experiment,click
2016-09-27 15:59:47.554859,528671,control,view
2016-09-27 16:32:59.442110,687687,experiment,view
2016-09-27 17:47:20.365918,253938,control,view
2016-09-27 18:22:12.449429,636192,control,view
2016-09-27 18:40:06.587980,802031,experiment,view
2016-09-27 20:59:04.626054,271548,experiment,view
2016-09-27 21:17:04.436655,619230,experiment,view
2016-09-27 21:17:12.813718,619230,experiment,click
2016-09-27 22:16:42.555141,424146,control,view
2016-09-27 22:17:11.964083,424146,control,click
2016-09-27 22:31:01.582568,887415,experiment,view
2016-09-27 22:46:36.058926,751437,experiment,view
2016-09-27 22:51:16.876492,919453,control,view
2016-09-27 23:14:24.747531,838042,experiment,view
2016-09-27 23:14:57.223989,838042,experiment,click
2016-09-27 23:36:57.020597,536050,experiment,view
2016-09-27 23:50:42.947962,854122,experiment,view
2016-09-28 00:42:27.133071,580650,experiment,view
2016-09-28 00:44:30.559287,443177,control,view
2016-09-28 00:45:07.595923,443177,control,click
2016-09-28 01:18:53.145304,483361,experiment,view
2016-09-28 01:40:25.213781,782149,control,view
2016-09-28 01:50:03.690720,673124,control,view
2016-09-28 01:50:34.758422,673124,control,click
2016-09-28 02:00:00.553452,378232,experiment,view
2016-09-28 02:01:06.649708,378232,experiment,click
2016-09-28 02:24:41.282447,883682,control,view
2016-09-28 02:25:16.245524,883682,control,click
2016-09-28 02:52:07.294036,559812,control,view
2016-09-28 02:52:26.679905,559812,control,click
2016-09-28 02:57:41.250206,295393,control,view
2016-09-28 03:34:22.915855,602789,experiment,view
2016-09-28 03:43:23.287564,931905,control,view
2016-09-28 03:44:37.879213,931905,control,click
2016-09-28 03:53:10.259910,357843,experiment,view
2016-09-28 04:08:20.278674,849987,control,view
2016-09-28 04:31:51.721255,638030,experiment,view
2016-09-28 04:32:29.098791,638030,experiment,click
2016-09-28 04:41:54.826119,450877,control,view
2016-09-28 04:43:04.114806,450877,control,click
2016-09-28 05:49:46.776003,539338,experiment,view
2016-09-28 05:50:23.940659,539338,experiment,click
2016-09-28 06:07:12.494324,237418,experiment,view
2016-09-28 07:02:40.413254,423971,experiment,view
2016-09-28 07:18:31.820762,619878,control,view
2016-09-28 08:45:46.169644,493984,experiment,view
2016-09-28 09:17:25.017158,251716,experiment,view
2016-09-28 09:17:29.197942,251716,experiment,click
2016-09-28 09:44:25.160491,359196,experiment,view
2016-09-28 10:38:34.664582,546596,control,view
2016-09-28 10:57:47.955389,400503,control,view
2016-09-28 11:41:59.024172,407297,control,view
2016-09-28 12:39:30.788981,618384,experiment,view
2016-09-28 12:48:37.699016,232631,experiment,view
2016-09-28 12:51:24.570756,457163,experiment,view
2016-09-28 12:54:35.115334,729953,control,view
2016-09-28 13:17:44.745764,779309,experiment,view
2016-09-28 14:33:04.066189,815910,experiment,view
2016-09-28 14:51:50.827390,541336,experiment,view
2016-09-28 15:33:57.312784,649807,experiment,view
2016-09-28 15:34:41.697082,649807,experiment,click
2016-09-28 16:03:35.271780,884709,experiment,view
2016-09-28 16:04:16.529833,884709,experiment,click
2016-09-28 16:46:42.701354,363131,control,view
2016-09-28 16:47:58.600093,420185,experiment,view
2016-09-28 16:48:13.167377,363131,control,click
2016-09-28 17:02:39.049118,725841,control,view
2016-09-28 17:45:04.038612,883875,control,view
2016-09-28 17:46:11.495101,883875,control,click
2016-09-28 17:48:52.256022,291408,control,view
2016-09-28 17:55:52.182537,634811,control,view
2016-09-28 17:56:24.795323,634811,control,click
2016-09-28 18:53:45.929751,489374,control,view
2016-09-28 18:54:34.218815,489374,control,click
2016-09-28 19:27:33.037393,615186,experiment,view
2016-09-28 19:28:10.474669,615186,experiment,click
2016-09-28 19:38:32.518166,526194,control,view
2016-09-28 19:39:05.504310,497376,control,view
2016-09-28 19:41:37.971512,898133,experiment,view
2016-09-28 20:56:43.673545,228046,experiment,view
2016-09-28 21:38:04.511217,726961,control,view
2016-09-28 21:39:01.859660,726961,control,click
2016-09-28 21:50:49.215569,818850,experiment,view
2016-09-28 22:59:49.780097,676142,control,view
2016-09-28 23:11:56.803235,557859,experiment,view
2016-09-28 23:22:14.436738,559646,experiment,view
2016-09-28 23:22:28.070852,559646,experiment,click
2016-09-28 23:40:09.947364,865309,experiment,view
2016-09-28 23:53:15.166027,230350,control,view
2016-09-28 23:54:25.355248,230350,control,click
2016-09-29 01:41:15.371354,246777,control,view
2016-09-29 01:48:55.402524,378864,control,view
2016-09-29 01:49:04.288908,378864,control,click
2016-09-29 02:29:55.199057,261489,control,view
2016-09-29 02:29:59.615626,261489,control,click
2016-09-29 02:30:38.757040,428396,experiment,view
2016-09-29 02:58:32.167428,700205,experiment,view
2016-09-29 02:59:14.386738,700205,experiment,click
2016-09-29 03:15:28.555242,540729,control,view
2016-09-29 03:16:06.878029,540729,control,click
2016-09-29 04:28:22.112267,388377,control,view
2016-09-29 04:29:42.921303,388377,control,click
2016-09-29 05:22:37.895529,926290,experiment,view
2016-09-29 05:27:15.372127,737955,experiment,view
2016-09-29 05:38:50.358783,352484,control,view
2016-09-29 05:46:13.839377,550280,control,view
2016-09-29 05:46:53.029567,550280,control,click
2016-09-29 06:40:33.828365,789963,experiment,view
2016-09-29 07:30:38.719203,611910,control,view
2016-09-29 08:02:50.688106,811916,control,view
2016-09-29 08:07:37.006568,619415,experiment,view
2016-09-29 08:08:37.787470,619415,experiment,click
2016-09-29 08:24:03.845319,854703,experiment,view
2016-09-29 08:39:23.895645,433949,control,view
2016-09-29 09:44:30.654451,238749,control,view
2016-09-29 09:50:44.170914,645349,experiment,view
2016-09-29 09:51:42.739644,645349,experiment,click
2016-09-29 10:30:46.438815,764290,experiment,view
2016-09-29 10:42:58.112245,427317,experiment,view
2016-09-29 10:53:43.045252,887912,control,view
2016-09-29 10:54:42.777798,887912,control,click
2016-09-29 11:38:42.323749,776364,control,view
2016-09-29 11:39:47.117901,776364,control,click
2016-09-29 13:35:45.242106,718416,control,view
2016-09-29 13:41:18.147805,793781,experiment,view
2016-09-29 13:45:37.042693,919949,experiment,view
2016-09-29 13:54:43.688848,460803,experiment,view
2016-09-29 14:06:22.154791,537260,control,view
2016-09-29 14:13:22.437045,701353,control,view
2016-09-29 17:05:18.079840,814447,control,view
2016-09-29 17:50:56.901093,192842,experiment,view
2016-09-29 17:55:32.192453,432416,experiment,view
2016-09-29 17:56:51.365695,432416,experiment,click
2016-09-29 18:31:48.832766,237346,control,view
2016-09-29 18:33:20.590422,237346,control,click
2016-09-29 20:48:28.882988,744924,control,view
2016-09-29 20:54:02.981094,236182,control,view
2016-09-29 21:19:59.390655,935669,control,view
2016-09-29 22:18:41.192661,828426,control,view
2016-09-29 22:20:07.430025,828426,control,click
2016-09-29 22:30:58.970881,819705,control,view
2016-09-29 22:47:14.280043,506078,control,view
2016-09-29 23:04:42.722325,183089,control,view
2016-09-29 23:43:13.210782,404428,control,view
2016-09-29 23:44:30.693624,404428,control,click
2016-09-30 01:09:29.287476,526403,control,view
2016-09-30 01:31:42.089721,749126,control,view
2016-09-30 01:41:32.583953,223844,experiment,view
2016-09-30 02:21:01.366021,380039,control,view
2016-09-30 02:40:31.208416,696656,experiment,view
2016-09-30 02:42:11.187170,696656,experiment,click
2016-09-30 02:51:11.475206,844240,experiment,view
2016-09-30 02:54:54.522482,198104,experiment,view
2016-09-30 04:28:30.878507,692042,control,view
2016-09-30 04:40:30.980612,595360,control,view
2016-09-30 04:53:38.736148,297965,experiment,view
2016-09-30 04:55:01.442938,297965,experiment,click
2016-09-30 05:03:18.826361,352908,experiment,view
2016-09-30 05:05:15.551524,430193,experiment,view
2016-09-30 05:06:25.417447,430193,experiment,click
2016-09-30 05:29:53.459237,309476,control,view
2016-09-30 05:43:47.633612,399915,experiment,view
2016-09-30 05:45:06.489250,399915,experiment,click
2016-09-30 06:14:04.763928,918596,experiment,view
2016-09-30 06:14:51.064068,918596,experiment,click
2016-09-30 06:23:51.922185,418396,experiment,view
2016-09-30 06:33:23.839935,826501,experiment,view
2016-09-30 06:33:46.007332,826501,experiment,click
2016-09-30 07:04:51.205806,904681,control,view
2016-09-30 07:07:09.246388,217938,experiment,view
2016-09-30 07:18:49.023607,377975,control,view
2016-09-30 07:22:32.180282,622750,control,view
2016-09-30 07:36:02.895989,304119,control,view
2016-09-30 08:15:42.597112,503937,experiment,view
2016-09-30 08:46:55.187535,554579,control,view
2016-09-30 09:02:42.630068,934486,control,view
2016-09-30 09:03:19.088463,934486,control,click
2016-09-30 09:11:36.239867,759450,control,view
2016-09-30 10:45:40.121953,737683,experiment,view
2016-09-30 10:45:58.754402,737683,experiment,click
2016-09-30 10:59:08.893386,527952,experiment,view
2016-09-30 11:07:38.896367,200061,control,view
2016-09-30 11:08:20.714651,200061,control,click
2016-09-30 11:21:33.069208,788377,experiment,view
2016-09-30 11:36:37.318545,505687,control,view
2016-09-30 11:39:23.921222,231776,control,view
2016-09-30 12:27:57.345043,434858,control,view
2016-09-30 12:46:14.235660,809818,experiment,view
2016-09-30 12:51:24.768059,287233,control,view
2016-09-30 13:02:47.221645,395723,experiment,view
2016-09-30 13:04:08.797848,395723,experiment,click
2016-09-30 13:14:52.580070,677294,control,view
2016-09-30 13:16:24.499225,677294,control,click
2016-09-30 13:59:39.507680,759783,control,view
2016-09-30 14:00:20.789538,759783,control,click
2016-09-30 14:50:05.226746,581893,control,view
2016-09-30 14:51:25.004757,581893,control,click
2016-09-30 14:56:58.842290,900876,experiment,view
2016-09-30 15:22:06.697564,919155,experiment,view
2016-09-30 16:27:57.393882,426465,control,view
2016-09-30 16:28:09.920454,426465,control,click
2016-09-30 16:36:09.550643,370113,experiment,view
2016-09-30 17:08:51.575535,578003,experiment,view
2016-09-30 17:09:29.762092,578003,experiment,click
2016-09-30 17:51:12.036150,621925,control,view
2016-09-30 17:51:40.105549,621925,control,click
2016-09-30 18:45:04.413551,741646,control,view
2016-09-30 18:49:36.785626,610236,experiment,view
2016-09-30 18:50:23.372835,528337,control,view
2016-09-30 19:32:33.238395,593934,control,view
2016-09-30 20:01:50.121349,374130,experiment,view
2016-09-30 21:02:06.203310,252675,experiment,view
2016-09-30 21:17:47.296405,680053,control,view
2016-09-30 22:14:25.554615,225328,experiment,view
2016-09-30 22:45:07.569712,329343,control,view
2016-09-30 22:46:19.685426,329343,control,click
2016-09-30 22:54:52.135244,732609,experiment,view
2016-10-01 00:18:52.348058,419220,experiment,view
2016-10-01 00:19:29.056718,419220,experiment,click
2016-10-01 00:30:52.242450,857354,experiment,view
2016-10-01 01:07:42.056794,564317,control,view
2016-10-01 01:17:37.228365,398733,experiment,view
2016-10-01 01:22:55.067017,367861,control,view
2016-10-01 01:34:22.383496,874593,experiment,view
2016-10-01 02:16:35.177092,798527,control,view
2016-10-01 02:46:10.125597,243913,control,view
2016-10-01 02:47:05.379521,586146,control,view
2016-10-01 02:47:28.116461,243913,control,click
2016-10-01 03:18:46.651889,667813,experiment,view
2016-10-01 03:21:52.612953,352461,control,view
2016-10-01 03:22:19.699066,352461,control,click
2016-10-01 04:05:53.565517,405944,control,view
2016-10-01 04:17:36.787912,445193,control,view
2016-10-01 04:33:51.398573,863877,experiment,view
2016-10-01 04:40:47.173892,584788,control,view
2016-10-01 04:49:14.421847,442125,experiment,view
2016-10-01 05:06:14.836494,687985,experiment,view
2016-10-01 05:06:35.238030,687985,experiment,click
2016-10-01 05:08:08.061547,606456,control,view
2016-10-01 06:27:57.654682,814255,experiment,view
2016-10-01 07:51:25.483528,663691,experiment,view
2016-10-01 08:10:21.781955,886958,experiment,view
2016-10-01 08:25:19.636239,589033,experiment,view
2016-10-01 08:32:21.821346,464749,control,view
2016-10-01 08:32:38.621502,681253,control,view
2016-10-01 08:35:58.122525,374164,control,view
2016-10-01 08:37:57.522755,429976,control,view
2016-10-01 08:38:32.320970,494246,control,view
2016-10-01 08:52:11.667939,655266,experiment,view
2016-10-01 08:52:16.383988,655266,experiment,click
2016-10-01 09:09:06.214252,387894,control,view
2016-10-01 10:17:29.383851,206558,experiment,view
2016-10-01 10:19:03.243482,206558,experiment,click
2016-10-01 10:42:44.921226,866836,control,view
2016-10-01 10:50:17.619884,742492,control,view
2016-10-01 10:50:37.329481,742492,control,click
2016-10-01 11:17:15.803270,497922,control,view
2016-10-01 11:24:03.306390,592295,control,view
2016-10-01 12:13:54.288523,545343,experiment,view
2016-10-01 12:17:31.600973,873277,control,view
2016-10-01 12:18:11.000121,873277,control,click
2016-10-01 12:18:35.265148,279949,experiment,view
2016-10-01 12:19:01.221639,279949,experiment,click
2016-10-01 12:20:16.639911,697778,control,view
2016-10-01 12:25:16.977828,369465,experiment,view
2016-10-01 13:00:24.572943,913653,control,view
2016-10-01 13:10:47.017843,402090,control,view
2016-10-01 13:11:54.536143,402090,control,click
2016-10-01 13:34:54.923136,817559,control,view
2016-10-01 13:35:01.099904,817559,control,click
2016-10-01 14:38:33.650610,686900,experiment,view
2016-10-01 15:05:38.341327,559647,experiment,view
2016-10-01 15:06:24.042588,559647,experiment,click
2016-10-01 15:20:50.073678,629050,experiment,view
2016-10-01 15:22:08.499276,405461,control,view
2016-10-01 15:22:55.826218,405461,control,click
2016-10-01 15:38:31.259528,933564,experiment,view
2016-10-01 16:48:03.141375,231140,experiment,view
2016-10-01 16:58:01.732914,456488,experiment,view
2016-10-01 17:10:36.732959,417883,experiment,view
2016-10-01 17:38:34.126990,795866,experiment,view
2016-10-01 17:47:23.418812,881584,experiment,view
2016-10-01 17:52:18.001373,814054,control,view
2016-10-01 18:00:16.403713,860652,control,view
2016-10-01 18:10:10.386536,934795,control,view
2016-10-01 18:11:17.690125,934795,control,click
2016-10-01 19:03:44.351831,451770,control,view
2016-10-01 19:25:58.511645,213229,experiment,view
2016-10-01 19:30:37.539874,476376,control,view
2016-10-01 19:31:08.281903,476376,control,click
2016-10-01 19:47:20.648635,691152,control,view
2016-10-01 19:48:40.901855,691152,control,click
2016-10-01 20:41:05.330403,586560,experiment,view
2016-10-01 20:49:13.857354,914166,control,view
2016-10-01 20:51:43.248488,424505,experiment,view
2016-10-01 20:52:42.387790,424505,experiment,click
2016-10-01 21:27:16.508950,584067,control,view
2016-10-01 21:43:29.504721,231738,control,view
2016-10-01 21:46:38.904529,672277,control,view
2016-10-01 22:19:22.010257,574460,control,view
2016-10-02 00:34:52.450649,675914,control,view
2016-10-02 01:43:05.211235,746681,control,view
2016-10-02 02:20:43.606629,388253,experiment,view
2016-10-02 02:27:43.083662,658065,control,view
2016-10-02 02:55:02.169425,465282,experiment,view
2016-10-02 05:10:29.008610,384362,control,view
2016-10-02 06:02:44.345518,423385,control,view
2016-10-02 06:06:07.348008,766624,experiment,view
2016-10-02 06:06:37.100532,483457,control,view
2016-10-02 06:07:30.111260,766624,experiment,click
2016-10-02 06:24:14.357584,773614,control,view
2016-10-02 06:44:33.205270,783023,experiment,view
2016-10-02 07:22:54.166943,224553,control,view
2016-10-02 07:37:48.923360,189438,experiment,view
2016-10-02 07:40:08.355698,876039,experiment,view
2016-10-02 08:55:58.597492,440182,control,view
2016-10-02 09:16:02.617360,275851,control,view
2016-10-02 09:32:10.940806,378476,experiment,view
2016-10-02 09:33:12.612999,378476,experiment,click
2016-10-02 09:58:04.654049,674584,control,view
2016-10-02 10:24:31.010818,495430,control,view
2016-10-02 10:27:03.322631,651428,experiment,view
2016-10-02 10:29:09.517523,666424,experiment,view
2016-10-02 10:30:09.953157,860419,control,view
2016-10-02 11:04:05.047216,554810,experiment,view
2016-10-02 11:34:28.588126,541367,control,view
2016-10-02 12:02:25.307021,708992,control,view
2016-10-02 12:02:42.709661,708992,control,click
2016-10-02 12:41:08.823442,569198,control,view
2016-10-02 12:42:17.862645,825944,experiment,view
2016-10-02 12:43:42.384824,825944,experiment,click
2016-10-02 12:47:59.821520,715790,experiment,view
2016-10-02 13:13:25.257273,717081,control,view
2016-10-02 13:15:03.277534,717081,control,click
2016-10-02 13:24:10.944685,221640,control,view
2016-10-02 14:37:55.952508,776249,experiment,view
2016-10-02 15:06:56.890904,396642,experiment,view
2016-10-02 15:30:25.830386,335999,experiment,view
2016-10-02 15:30:39.718120,335999,experiment,click
2016-10-02 15:45:39.248639,543261,control,view
2016-10-02 15:50:56.564060,275117,experiment,view
2016-10-02 16:16:22.919008,652353,control,view
2016-10-02 17:01:12.650330,677078,control,view
2016-10-02 17:52:59.461688,292135,experiment,view
2016-10-02 17:53:50.298281,311308,experiment,view
2016-10-02 17:54:12.687892,292135,experiment,click
2016-10-02 17:55:24.501047,311308,experiment,click
2016-10-02 17:56:03.042724,596103,control,view
2016-10-02 18:05:44.440154,732632,control,view
2016-10-02 18:48:15.577695,696456,control,view
2016-10-02 18:48:52.971670,696456,control,click
2016-10-02 19:06:47.433475,661557,control,view
2016-10-02 19:07:59.603647,661557,control,click
2016-10-02 19:15:23.025789,903223,control,view
2016-10-02 19:16:06.392696,903223,control,click
2016-10-02 19:30:01.844280,652877,control,view
2016-10-02 21:23:20.351518,929352,control,view
2016-10-02 22:21:40.251843,883141,experiment,view
2016-10-02 22:23:13.993026,883141,experiment,click
2016-10-02 22:23:52.952457,937003,control,view
2016-10-02 22:24:44.858742,590326,control,view
2016-10-02 22:47:27.545073,808870,experiment,view
2016-10-02 23:06:36.890114,873691,control,view
2016-10-02 23:07:50.303934,873691,control,click
2016-10-02 23:28:31.863695,838075,control,view
2016-10-03 00:12:11.541849,740477,control,view
2016-10-03 00:13:36.713721,740477,control,click
2016-10-03 00:55:55.062124,768170,experiment,view
2016-10-03 00:57:09.602384,768170,experiment,click
2016-10-03 01:00:32.567218,260873,control,view
2016-10-03 01:01:32.894294,260873,control,click
2016-10-03 01:11:48.184923,729334,control,view
2016-10-03 01:30:53.931353,844519,control,view
2016-10-03 01:31:13.232188,844519,control,click
2016-10-03 01:40:36.415653,232843,experiment,view
2016-10-03 01:44:21.520981,786608,control,view
2016-10-03 01:46:14.734515,373646,experiment,view
2016-10-03 03:22:45.326311,777086,experiment,view
2016-10-03 03:25:25.341817,268733,experiment,view
2016-10-03 03:50:36.610464,789500,control,view
2016-10-03 03:51:46.465167,789500,control,click
2016-10-03 04:01:51.781215,189694,control,view
2016-10-03 04:02:43.105056,189694,control,click
2016-10-03 04:04:02.683974,280863,control,view
2016-10-03 04:04:35.474180,280863,control,click
2016-10-03 04:41:34.698549,263533,control,view
2016-10-03 04:42:04.835178,263533,control,click
2016-10-03 04:59:31.045531,565462,experiment,view
2016-10-03 05:00:32.449408,565462,experiment,click
2016-10-03 06:25:24.455947,417946,control,view
2016-10-03 06:26:56.852289,834279,control,view
2016-10-03 06:39:29.090806,675162,control,view
2016-10-03 07:55:42.024039,875078,experiment,view
2016-10-03 08:27:06.589242,344504,experiment,view
2016-10-03 09:23:54.676360,253531,control,view
2016-10-03 09:26:10.882834,346709,control,view
2016-10-03 09:40:01.160817,682049,control,view
2016-10-03 11:39:00.807714,545738,control,view
2016-10-03 12:26:24.565280,746295,control,view
2016-10-03 12:46:28.099622,868981,control,view
2016-10-03 12:54:51.707557,826048,control,view
2016-10-03 13:04:36.789478,290179,experiment,view
2016-10-03 13:11:15.898878,799283,control,view
2016-10-03 13:29:02.141861,409783,control,view
2016-10-03 13:29:43.420047,352736,control,view
2016-10-03 13:29:48.900429,409783,control,click
2016-10-03 14:13:25.358236,651919,control,view
2016-10-03 14:24:03.843127,897647,experiment,view
2016-10-03 14:24:07.844274,897647,experiment,click
2016-10-03 14:40:33.564051,267391,control,view
2016-10-03 14:41:17.077190,267391,control,click
2016-10-03 15:35:04.891425,875762,control,view
2016-10-03 17:21:51.033006,230136,experiment,view
2016-10-03 17:28:26.694759,261705,experiment,view
2016-10-03 17:28:55.695753,261705,experiment,click
2016-10-03 18:05:01.688579,506558,control,view
2016-10-03 18:05:47.227613,506558,control,click
2016-10-03 18:55:46.601376,183524,control,view
2016-10-03 19:22:04.432740,542831,control,view
2016-10-03 19:30:26.669900,676381,experiment,view
2016-10-03 19:31:30.961193,676381,experiment,click
2016-10-03 19:41:10.402336,652629,experiment,view
2016-10-03 19:46:24.897797,832343,experiment,view
2016-10-03 19:46:45.255006,832343,experiment,click
2016-10-03 20:20:15.452275,831394,experiment,view
2016-10-03 20:20:35.284587,831394,experiment,click
2016-10-03 22:43:28.093188,529350,control,view
2016-10-03 23:15:37.235246,251572,control,view
2016-10-03 23:16:30.490179,251572,control,click
2016-10-03 23:28:15.786607,564976,experiment,view
2016-10-03 23:32:11.782516,355306,experiment,view
2016-10-04 00:05:52.800432,246836,experiment,view
2016-10-04 00:06:30.600427,246836,experiment,click
2016-10-04 00:45:41.706228,661251,control,view
2016-10-04 00:45:54.317894,661251,control,click
2016-10-04 00:46:03.833840,880338,experiment,view
2016-10-04 01:01:02.630843,754267,control,view
2016-10-04 01:02:26.349987,299103,experiment,view
2016-10-04 01:14:07.030474,740161,experiment,view
2016-10-04 01:57:10.885220,643047,experiment,view
2016-10-04 03:04:23.061665,337439,control,view
2016-10-04 04:30:26.295139,672535,control,view
2016-10-04 06:17:40.258405,305577,experiment,view
2016-10-04 06:18:22.410129,305577,experiment,click
2016-10-04 06:21:36.745109,799200,control,view
2016-10-04 06:22:46.195605,799200,control,click
2016-10-04 06:50:40.295540,411360,experiment,view
2016-10-04 06:50:48.476549,411360,experiment,click
2016-10-04 07:06:18.316971,593483,control,view
2016-10-04 07:08:53.493350,327438,experiment,view
2016-10-04 08:00:43.684795,707837,control,view
2016-10-04 08:09:28.722935,672387,control,view
2016-10-04 08:33:51.611690,787220,control,view
2016-10-04 08:34:15.730125,787220,control,click
2016-10-04 08:48:15.747132,833186,control,view
2016-10-04 09:05:05.586445,401640,control,view
2016-10-04 09:13:50.352646,855285,control,view
2016-10-04 10:07:24.156621,331747,experiment,view
2016-10-04 10:22:40.671806,921110,control,view
2016-10-04 11:34:38.343243,906577,control,view
2016-10-04 11:42:05.574982,796002,control,view
2016-10-04 12:12:45.451091,647002,control,view
2016-10-04 12:37:47.376355,322038,control,view
2016-10-04 12:38:57.812873,322038,control,click
2016-10-04 13:23:01.692404,183938,experiment,view
2016-10-04 13:23:43.160815,183938,experiment,click
2016-10-04 14:02:58.941558,847797,experiment,view
2016-10-04 14:48:49.246979,547103,control,view
2016-10-04 14:48:49.815448,834767,control,view
2016-10-04 15:14:48.159216,624490,control,view
2016-10-04 16:00:15.624390,627221,control,view
2016-10-04 16:28:32.342714,520428,experiment,view
2016-10-04 16:29:17.696507,520428,experiment,click
2016-10-04 16:33:01.395419,642075,experiment,view
2016-10-04 16:51:19.378677,933594,experiment,view
2016-10-04 17:09:37.282193,789917,experiment,view
2016-10-04 17:18:08.541500,444204,control,view
2016-10-04 17:18:57.476338,444204,control,click
2016-10-04 17:35:00.678050,427416,control,view
2016-10-04 17:52:47.797513,332115,control,view
2016-10-04 17:54:09.005866,528913,control,view
2016-10-04 17:54:38.602858,528913,control,click
2016-10-04 18:14:09.239409,543217,experiment,view
2016-10-04 18:58:35.416336,920845,control,view
2016-10-04 18:59:00.891498,920845,control,click
2016-10-04 19:22:50.721407,680954,control,view
2016-10-04 20:05:54.943915,461843,experiment,view
2016-10-04 21:03:04.424828,215711,experiment,view
2016-10-04 21:03:10.787634,215711,experiment,click
2016-10-04 21:36:41.113506,395546,control,view
2016-10-04 21:41:47.823677,485397,control,view
2016-10-04 21:58:53.895083,741046,control,view
2016-10-04 22:31:04.759022,492817,experiment,view
2016-10-04 22:34:21.685388,548127,control,view
2016-10-04 22:42:09.763090,462682,experiment,view
2016-10-04 23:18:32.291835,380840,control,view
2016-10-05 00:54:56.888196,505111,control,view
2016-10-05 01:09:32.726401,887233,control,view
2016-10-05 01:10:09.527604,887233,control,click
2016-10-05 01:42:47.858609,548958,experiment,view
2016-10-05 02:06:46.823603,260006,control,view
2016-10-05 02:25:13.445208,563932,control,view
2016-10-05 02:26:10.273093,563932,control,click
2016-10-05 03:01:27.546269,289928,experiment,view
2016-10-05 03:03:13.772739,786767,control,view
2016-10-05 03:44:25.115212,402000,control,view
2016-10-05 03:58:08.749023,855845,experiment,view
2016-10-05 04:04:55.340224,466795,control,view
2016-10-05 04:24:50.838448,629121,experiment,view
2016-10-05 04:25:00.675235,629121,experiment,click
2016-10-05 04:55:46.547954,738245,experiment,view
2016-10-05 04:57:02.841504,528259,control,view
2016-10-05 04:57:04.957982,528259,control,click
2016-10-05 05:05:39.240948,533927,experiment,view
2016-10-05 05:16:47.326437,529493,control,view
2016-10-05 05:17:07.044817,703309,control,view
2016-10-05 05:27:28.819896,642717,control,view
2016-10-05 05:36:21.485591,877129,control,view
2016-10-05 05:37:59.723906,877129,control,click
2016-10-05 05:40:33.424749,232105,control,view
2016-10-05 05:53:49.908210,362555,control,view
2016-10-05 06:06:34.380356,710851,experiment,view
2016-10-05 06:51:30.623535,601984,control,view
2016-10-05 06:53:53.414166,857096,experiment,view
2016-10-05 07:18:52.471415,574276,experiment,view
2016-10-05 08:15:32.727546,878591,experiment,view
2016-10-05 08:36:29.514666,925070,control,view
2016-10-05 08:37:20.742996,925070,control,click
2016-10-05 09:33:23.370705,376290,experiment,view
2016-10-05 10:31:19.748336,324368,experiment,view
2016-10-05 10:32:29.344902,324368,experiment,click
2016-10-05 11:21:33.675166,933385,control,view
2016-10-05 11:52:52.797889,672380,experiment,view
2016-10-05 11:56:38.222131,739903,control,view
2016-10-05 12:28:52.627233,913773,experiment,view
2016-10-05 12:29:40.007562,913773,experiment,click
2016-10-05 13:28:22.586304,888614,experiment,view
2016-10-05 13:30:09.274207,279509,experiment,view
2016-10-05 13:42:23.514588,643053,experiment,view
2016-10-05 13:59:40.189635,411214,control,view
2016-10-05 14:40:51.237591,330972,experiment,view
2016-10-05 14:40:57.739655,330972,experiment,click
2016-10-05 15:16:56.366831,867034,experiment,view
2016-10-05 15:21:30.501878,193555,experiment,view
2016-10-05 15:41:22.869424,692492,control,view
2016-10-05 16:20:10.679071,893652,control,view
2016-10-05 16:47:21.464296,514693,experiment,view
2016-10-05 16:49:01.030978,824648,experiment,view
2016-10-05 17:04:33.563454,605541,control,view
2016-10-05 17:09:57.576155,594134,experiment,view
2016-10-05 17:10:49.915396,594134,experiment,click
2016-10-05 17:40:57.025027,292480,control,view
2016-10-05 17:55:30.665426,405773,control,view
2016-10-05 17:55:41.660429,405773,control,click
2016-10-05 17:57:09.926015,654566,experiment,view
2016-10-05 17:58:11.178376,654566,experiment,click
2016-10-05 18:03:16.045699,914320,experiment,view
2016-10-05 18:03:17.874839,914320,experiment,click
2016-10-05 18:27:45.035389,191291,experiment,view
2016-10-05 18:50:34.785292,622991,control,view
2016-10-05 19:22:08.324425,518269,control,view
2016-10-05 19:33:03.610559,286792,experiment,view
2016-10-05 19:57:39.826306,901121,experiment,view
2016-10-05 19:58:35.479290,901121,experiment,click
2016-10-05 20:03:20.574513,579749,experiment,view
2016-10-05 20:55:00.906901,503619,experiment,view
2016-10-05 21:06:42.003018,653754,experiment,view
2016-10-05 21:16:22.207224,930235,control,view
2016-10-05 23:10:43.222519,355128,experiment,view
2016-10-05 23:12:18.301104,355128,experiment,click
2016-10-05 23:13:35.395831,484599,control,view
2016-10-05 23:35:57.593454,205799,experiment,view
2016-10-05 23:42:56.388078,560705,experiment,view
2016-10-06 00:22:53.351830,611791,experiment,view
2016-10-06 01:19:18.687773,602901,control,view
2016-10-06 01:39:01.100865,843456,experiment,view
2016-10-06 01:40:01.442873,843456,experiment,click
2016-10-06 01:53:00.154284,837809,control,view
2016-10-06 01:54:13.810530,837809,control,click
2016-10-06 02:07:46.239487,903364,control,view
2016-10-06 02:08:04.867079,903364,control,click
2016-10-06 02:50:24.210236,692073,control,view
2016-10-06 03:01:35.387181,451893,experiment,view
2016-10-06 03:01:42.559921,451893,experiment,click
2016-10-06 03:08:04.997453,628589,control,view
2016-10-06 03:08:45.970322,628589,control,click
2016-10-06 03:16:24.050510,249265,experiment,view
2016-10-06 03:24:10.512531,901250,control,view
2016-10-06 03:24:18.452394,766285,control,view
2016-10-06 03:32:51.661204,652184,control,view
2016-10-06 03:33:14.751492,652184,control,click
2016-10-06 03:53:00.142561,417092,control,view
2016-10-06 04:53:50.178435,454029,experiment,view
2016-10-06 04:57:16.078499,424946,control,view
2016-10-06 04:57:39.159023,424946,control,click
2016-10-06 05:42:55.333225,823883,control,view
2016-10-06 05:48:31.834036,804347,control,view
2016-10-06 06:53:03.930425,373090,experiment,view
2016-10-06 07:11:31.547479,493927,control,view
2016-10-06 07:11:57.598180,493927,control,click
2016-10-06 07:40:28.224170,191118,experiment,view
2016-10-06 07:41:04.114379,191118,experiment,click
2016-10-06 08:56:02.798126,424409,control,view
2016-10-06 09:07:41.016907,391473,control,view
2016-10-06 09:16:03.573855,753801,control,view
2016-10-06 09:57:18.359889,925767,experiment,view
2016-10-06 09:57:33.264765,925767,experiment,click
2016-10-06 11:05:15.732144,218978,control,view
2016-10-06 11:09:41.911316,831061,control,view
2016-10-06 11:32:41.040536,362623,control,view
2016-10-06 11:56:49.150527,432786,experiment,view
2016-10-06 11:56:54.970180,432786,experiment,click
2016-10-06 12:20:27.423463,708576,control,view
2016-10-06 12:52:58.684083,373703,experiment,view
2016-10-06 13:05:10.657283,732045,experiment,view
2016-10-06 13:09:23.015872,824690,control,view
2016-10-06 13:39:24.346633,241885,control,view
2016-10-06 13:40:38.362715,241885,control,click
2016-10-06 14:11:11.935704,888221,experiment,view
2016-10-06 14:24:22.946179,667335,experiment,view
2016-10-06 14:38:09.588111,603861,experiment,view
2016-10-06 14:38:48.735710,603861,experiment,click
2016-10-06 15:10:53.905467,502214,experiment,view
2016-10-06 15:20:23.023221,264994,control,view
2016-10-06 15:30:00.553969,712674,experiment,view
2016-10-06 15:31:11.115052,712674,experiment,click
2016-10-06 17:14:22.674422,540722,experiment,view
2016-10-06 17:14:42.881880,540722,experiment,click
2016-10-06 17:52:13.870748,263150,experiment,view
2016-10-06 18:06:33.447598,825876,control,view
2016-10-06 18:07:33.639511,825876,control,click
2016-10-06 18:16:31.936878,824668,experiment,view
2016-10-06 18:55:45.888602,934377,experiment,view
2016-10-06 19:02:18.087052,372490,control,view
2016-10-06 19:02:41.652467,372490,control,click
2016-10-06 19:41:19.413779,306126,experiment,view
2016-10-06 22:19:11.671858,628217,control,view
2016-10-06 23:23:41.287031,641578,control,view
2016-10-07 00:03:24.012482,456128,control,view
2016-10-07 00:04:00.288984,456128,control,click
2016-10-07 00:24:04.732728,900969,control,view
2016-10-07 01:07:36.285943,378242,control,view
2016-10-07 01:35:26.208114,404652,control,view
2016-10-07 01:36:41.907648,404652,control,click
2016-10-07 02:07:57.793777,890828,control,view
2016-10-07 02:08:16.689882,890828,control,click
2016-10-07 02:09:57.037862,474845,control,view
2016-10-07 02:10:58.949752,474845,control,click
2016-10-07 02:36:14.558619,652410,control,view
2016-10-07 02:42:45.543498,603058,control,view
2016-10-07 02:52:56.233081,858341,experiment,view
2016-10-07 03:45:25.998480,884677,experiment,view
2016-10-07 04:00:46.615578,226988,control,view
2016-10-07 04:54:05.095745,864980,experiment,view
2016-10-07 05:20:22.502464,838743,experiment,view
2016-10-07 05:21:15.256346,838743,experiment,click
2016-10-07 05:50:09.843331,620571,experiment,view
2016-10-07 06:07:46.171042,482717,control,view
2016-10-07 06:09:05.351526,482717,control,click
2016-10-07 06:14:19.296089,327152,control,view
2016-10-07 06:37:27.550991,405905,experiment,view
2016-10-07 06:39:55.312905,391368,control,view
2016-10-07 06:40:08.528129,391368,control,click
2016-10-07 06:59:03.730646,224974,control,view
2016-10-07 07:32:22.837116,582967,experiment,view
2016-10-07 07:33:00.509643,582967,experiment,click
2016-10-07 08:24:24.333075,689768,experiment,view
2016-10-07 08:41:49.637042,322135,experiment,view
2016-10-07 09:18:47.035324,247961,experiment,view
2016-10-07 09:20:16.167761,247961,experiment,click
2016-10-07 09:49:19.577504,891890,experiment,view
2016-10-07 09:54:12.889915,215306,control,view
2016-10-07 09:59:58.195567,847343,experiment,view
2016-10-07 10:01:17.563136,213175,control,view
2016-10-07 10:36:06.739929,589699,experiment,view
2016-10-07 10:37:30.792493,589699,experiment,click
2016-10-07 10:53:39.785312,805543,control,view
2016-10-07 10:58:29.665625,291650,control,view
2016-10-07 11:27:01.391761,904541,control,view
2016-10-07 11:28:02.155951,904541,control,click
2016-10-07 11:29:13.901847,483982,control,view
2016-10-07 11:47:29.676458,848973,control,view
2016-10-07 11:47:31.074176,848973,control,click
2016-10-07 12:05:52.560093,292642,experiment,view
2016-10-07 12:07:12.248286,292642,experiment,click
2016-10-07 13:27:02.234613,303720,experiment,view
2016-10-07 13:28:12.939169,303720,experiment,click
2016-10-07 14:14:31.891418,804645,experiment,view
2016-10-07 14:15:18.318157,804645,experiment,click
2016-10-07 14:53:03.830252,578005,control,view
2016-10-07 14:55:41.216394,795030,control,view
2016-10-07 14:57:11.236346,795030,control,click
2016-10-07 15:06:17.802946,899257,control,view
2016-10-07 15:25:32.043707,799775,control,view
2016-10-07 15:48:12.636072,214700,control,view
2016-10-07 16:24:59.926497,921772,control,view
2016-10-07 16:57:09.338105,347714,experiment,view
2016-10-07 17:45:03.946538,797154,control,view
2016-10-07 18:02:18.266341,360932,experiment,view
2016-10-07 18:02:39.613091,360932,experiment,click
2016-10-07 18:20:49.151650,674460,experiment,view
2016-10-07 18:47:14.351895,316826,control,view
2016-10-07 19:00:42.600256,830097,control,view
2016-10-07 19:48:31.219089,678456,control,view
2016-10-07 20:32:03.471951,391655,experiment,view
2016-10-07 20:42:24.555913,377702,experiment,view
2016-10-07 21:42:06.590957,534616,control,view
2016-10-07 21:52:59.582986,420004,control,view
2016-10-07 22:01:02.617880,936129,experiment,view
2016-10-07 22:21:37.860961,749321,experiment,view
2016-10-07 23:29:28.478777,187121,experiment,view
2016-10-07 23:39:52.259597,684832,experiment,view
2016-10-07 23:52:24.222092,476477,experiment,view
2016-10-08 00:37:25.163893,596412,control,view
2016-10-08 02:16:42.696290,231882,experiment,view
2016-10-08 02:46:52.148218,714267,experiment,view
2016-10-08 02:47:50.429660,714267,experiment,click
2016-10-08 02:48:31.544767,627235,control,view
2016-10-08 04:09:01.711241,745293,control,view
2016-10-08 04:13:14.104341,573562,experiment,view
2016-10-08 04:27:05.793227,379753,experiment,view
2016-10-08 04:52:59.384292,899845,control,view
2016-10-08 06:29:37.835703,267967,control,view
2016-10-08 06:31:19.512631,753809,control,view
2016-10-08 06:36:59.715083,719623,control,view
2016-10-08 06:46:25.596360,385580,control,view
2016-10-08 07:10:51.850316,731044,control,view
2016-10-08 07:11:08.603361,731044,control,click
2016-10-08 08:41:43.843658,591429,experiment,view
2016-10-08 08:42:53.231020,315033,control,view
2016-10-08 08:43:57.985512,315033,control,click
2016-10-08 08:52:08.386617,750247,control,view
2016-10-08 08:52:46.390874,288313,experiment,view
2016-10-08 08:53:24.704258,288313,experiment,click
2016-10-08 08:59:03.312194,300734,control,view
2016-10-08 08:59:15.929556,300734,control,click
2016-10-08 09:07:50.829688,593705,control,view
2016-10-08 09:09:12.760659,593705,control,click
2016-10-08 09:41:31.752097,286468,control,view
2016-10-08 10:24:28.456579,541646,experiment,view
2016-10-08 10:26:06.589265,541646,experiment,click
2016-10-08 10:44:43.651078,277266,experiment,view
2016-10-08 10:45:15.086883,277266,experiment,click
2016-10-08 11:18:37.400222,749052,control,view
2016-10-08 11:19:54.953773,749052,control,click
2016-10-08 11:41:54.601284,545233,experiment,view
2016-10-08 12:31:35.974808,363247,experiment,view
2016-10-08 12:32:25.119112,196394,experiment,view
2016-10-08 13:43:00.706622,765258,control,view
2016-10-08 13:43:06.341358,414354,experiment,view
2016-10-08 13:43:25.078416,414354,experiment,click
2016-10-08 13:52:12.891892,366563,experiment,view
2016-10-08 16:37:48.221651,314594,experiment,view
2016-10-08 16:38:18.380188,314594,experiment,click
2016-10-08 17:39:21.997173,277682,experiment,view
2016-10-08 17:39:57.986408,277682,experiment,click
2016-10-08 18:11:41.533043,889614,control,view
2016-10-08 18:42:08.397821,713308,control,view
2016-10-08 18:45:27.976888,478924,control,view
2016-10-08 18:46:59.507932,478924,control,click
2016-10-08 19:39:07.341700,818544,control,view
2016-10-08 19:40:34.028188,818544,control,click
2016-10-08 19:51:27.844033,416107,control,view
2016-10-08 20:20:01.560413,443068,control,view
2016-10-08 20:29:58.348161,465907,control,view
2016-10-08 20:50:37.401301,567597,experiment,view
2016-10-08 23:05:34.853013,483898,control,view
2016-10-08 23:34:25.127748,865342,experiment,view
2016-10-09 00:02:31.249139,851029,control,view
2016-10-09 00:03:35.766075,851029,control,click
2016-10-09 00:10:46.279116,459793,control,view
2016-10-09 00:34:28.415673,766310,control,view
2016-10-09 01:14:32.651094,341296,experiment,view
2016-10-09 02:30:15.629675,711194,experiment,view
2016-10-09 02:34:51.129869,910797,control,view
2016-10-09 02:35:17.378405,910797,control,click
2016-10-09 03:30:21.222054,762608,control,view
2016-10-09 03:31:19.177476,762608,control,click
2016-10-09 03:37:14.570899,281358,control,view
2016-10-09 03:40:28.080125,772017,experiment,view
2016-10-09 03:45:58.864448,598839,control,view
2016-10-09 04:21:18.524084,206958,control,view
2016-10-09 04:57:46.215448,379435,control,view
2016-10-09 04:58:24.051848,379435,control,click
2016-10-09 05:40:24.287815,603030,experiment,view
2016-10-09 05:41:55.123846,603030,experiment,click
2016-10-09 06:31:23.471416,774659,experiment,view
2016-10-09 06:36:04.757548,635131,control,view
2016-10-09 06:45:52.640538,640924,experiment,view
2016-10-09 06:46:57.765910,640924,experiment,click
2016-10-09 06:59:26.279341,239106,experiment,view
2016-10-09 07:12:44.669038,230382,control,view
2016-10-09 07:17:02.313733,916418,control,view
2016-10-09 07:18:23.090022,916418,control,click
2016-10-09 07:36:52.595254,455133,experiment,view
2016-10-09 07:49:32.863084,262739,experiment,view
2016-10-09 08:06:01.104483,218707,control,view
2016-10-09 08:20:25.570462,746639,experiment,view
2016-10-09 08:45:57.848668,423822,control,view
2016-10-09 08:46:55.962791,423822,control,click
2016-10-09 08:48:16.904950,680411,control,view
2016-10-09 09:10:47.936524,780882,experiment,view
2016-10-09 09:15:27.614002,213516,experiment,view
2016-10-09 09:17:03.304167,213516,experiment,click
2016-10-09 09:30:06.728299,465773,experiment,view
2016-10-09 09:38:09.529666,349887,control,view
2016-10-09 10:09:40.843015,626389,experiment,view
2016-10-09 10:10:32.183781,626389,experiment,click
2016-10-09 10:11:44.354521,399132,control,view
2016-10-09 10:33:26.035903,395600,control,view
2016-10-09 10:33:52.968391,395600,control,click
2016-10-09 11:38:18.992796,499639,experiment,view
2016-10-09 11:39:15.861836,499639,experiment,click
2016-10-09 11:39:27.496633,651399,control,view
2016-10-09 11:57:18.314674,214680,control,view
2016-10-09 12:04:35.529725,489899,control,view
2016-10-09 12:05:02.486785,489899,control,click
2016-10-09 12:44:02.031530,787386,experiment,view
2016-10-09 12:50:42.796467,644656,experiment,view
2016-10-09 13:00:32.435113,379791,experiment,view
2016-10-09 13:02:01.320136,245915,experiment,view
2016-10-09 13:15:41.932479,483973,control,view
2016-10-09 13:16:38.734741,483973,control,click
2016-10-09 13:49:11.341195,705033,control,view
2016-10-09 14:01:17.858537,340716,control,view
2016-10-09 14:02:31.188168,340716,control,click
2016-10-09 14:22:26.351679,193411,experiment,view
2016-10-09 15:12:10.017176,790551,experiment,view
2016-10-09 15:12:23.342516,851351,control,view
2016-10-09 15:13:29.282165,851351,control,click
2016-10-09 15:52:26.067409,582033,experiment,view
2016-10-09 15:53:07.418387,582033,experiment,click
2016-10-09 17:33:36.931242,767609,experiment,view
2016-10-09 17:56:34.257901,299833,control,view
2016-10-09 18:18:09.540804,611161,control,view
2016-10-09 18:19:27.778879,611161,control,click
2016-10-09 18:23:01.970418,703093,control,view
2016-10-09 19:11:36.103105,880213,control,view
2016-10-09 19:13:00.695236,880213,control,click
2016-10-09 19:24:26.998403,542803,experiment,view
2016-10-09 19:27:10.544414,385103,control,view
2016-10-09 19:28:45.498302,385103,control,click
2016-10-09 19:57:12.298628,846019,experiment,view
2016-10-09 19:57:55.060439,846019,experiment,click
2016-10-09 21:05:48.395632,500707,experiment,view
2016-10-09 21:12:03.296938,469271,control,view
2016-10-09 21:12:13.116451,469271,control,click
2016-10-09 22:26:40.207699,536917,experiment,view
2016-10-09 22:27:12.654328,249894,control,view
2016-10-09 23:03:27.463772,896286,experiment,view
2016-10-09 23:46:59.588472,463983,control,view
2016-10-10 00:05:50.177863,448767,experiment,view
2016-10-10 01:21:05.470987,538636,experiment,view
2016-10-10 01:39:17.836788,191688,experiment,view
2016-10-10 01:40:12.630913,191688,experiment,click
2016-10-10 02:10:36.797540,536253,experiment,view
2016-10-10 02:11:46.074247,536253,experiment,click
2016-10-10 02:31:20.838523,608398,experiment,view
2016-10-10 02:32:01.385843,608398,experiment,click
2016-10-10 02:59:37.212876,919134,control,view
2016-10-10 03:15:13.819679,345500,experiment,view
2016-10-10 03:30:43.968834,781753,control,view
2016-10-10 03:39:15.352998,915791,control,view
2016-10-10 04:06:43.667495,880520,control,view
2016-10-10 04:12:30.602844,323552,control,view
2016-10-10 04:20:05.703200,228679,control,view
2016-10-10 04:22:06.586117,587553,experiment,view
2016-10-10 04:58:26.907495,793265,control,view
2016-10-10 04:58:59.576470,793265,control,click
2016-10-10 05:22:35.206262,740248,control,view
2016-10-10 05:36:48.327978,243720,control,view
2016-10-10 05:50:42.987431,853071,control,view
2016-10-10 05:51:35.169269,205041,experiment,view
2016-10-10 05:51:55.223137,863437,control,view
2016-10-10 05:52:02.662095,853071,control,click
2016-10-10 05:56:51.651068,882036,control,view
2016-10-10 05:59:00.349775,869983,control,view
2016-10-10 06:13:55.231440,453574,control,view
2016-10-10 06:14:53.184315,205023,experiment,view
2016-10-10 06:15:42.124856,205023,experiment,click
2016-10-10 06:24:17.716862,212064,control,view
2016-10-10 06:48:28.547724,511891,experiment,view
2016-10-10 06:51:18.202545,870542,control,view
2016-10-10 08:19:32.297639,638477,control,view
2016-10-10 08:20:04.261953,638477,control,click
2016-10-10 09:18:15.232592,252570,control,view
2016-10-10 09:22:33.888641,928290,control,view
2016-10-10 09:25:10.733130,741623,control,view
2016-10-10 09:44:30.559657,291012,control,view
2016-10-10 10:08:06.599937,216956,control,view
2016-10-10 10:09:25.868909,216956,control,click
2016-10-10 10:47:18.755666,321506,control,view
2016-10-10 11:15:58.066127,647995,experiment,view
2016-10-10 11:16:02.932585,647995,experiment,click
2016-10-10 11:22:56.334602,416422,control,view
2016-10-10 12:03:14.246926,579470,experiment,view
2016-10-10 12:13:07.128370,790113,control,view
2016-10-10 12:13:17.535123,790113,control,click
2016-10-10 12:47:49.831684,888850,control,view
2016-10-10 12:52:33.162271,790096,control,view
2016-10-10 12:53:48.402495,790096,control,click
2016-10-10 12:59:15.218843,564360,experiment,view
2016-10-10 13:45:40.158288,260049,experiment,view
2016-10-10 14:27:03.048506,501508,control,view
2016-10-10 15:29:07.136330,762826,experiment,view
2016-10-10 15:31:20.270337,219732,experiment,view
2016-10-10 15:38:27.159577,859887,control,view
2016-10-10 15:38:43.354469,859887,control,click
2016-10-10 15:39:51.947167,509390,control,view
2016-10-10 15:48:59.793452,744801,control,view
2016-10-10 15:49:39.028657,744801,control,click
2016-10-10 16:00:40.997327,845730,experiment,view
2016-10-10 16:26:04.364808,362969,control,view
2016-10-10 17:09:59.897893,301871,experiment,view
2016-10-10 17:13:44.757369,638355,experiment,view
2016-10-10 17:15:17.884878,638355,experiment,click
2016-10-10 17:37:52.328183,477296,control,view
2016-10-10 17:44:43.071694,625137,experiment,view
2016-10-10 17:46:10.409148,625137,experiment,click
2016-10-10 18:04:44.980624,499872,control,view
2016-10-10 18:17:09.006235,880658,experiment,view
2016-10-10 18:17:42.425674,880658,experiment,click
2016-10-10 19:39:47.059724,374718,experiment,view
2016-10-10 20:00:09.927009,451588,experiment,view
2016-10-10 20:01:42.910975,451588,experiment,click
2016-10-10 20:11:18.749595,723334,experiment,view
2016-10-10 21:23:04.789296,779197,experiment,view
2016-10-10 21:25:29.530502,881992,experiment,view
2016-10-10 21:26:19.026138,881992,experiment,click
2016-10-10 21:28:45.741867,464439,control,view
2016-10-10 21:28:50.066735,731502,experiment,view
2016-10-10 21:35:43.865645,689706,experiment,view
2016-10-10 21:43:00.353664,739780,control,view
2016-10-10 23:10:50.087787,539359,control,view
2016-10-10 23:21:56.918764,305140,control,view
2016-10-10 23:49:14.380125,624461,experiment,view
2016-10-11 01:39:39.787310,218456,control,view
2016-10-11 01:45:37.424869,929043,experiment,view
2016-10-11 01:46:27.819881,929043,experiment,click
2016-10-11 02:19:04.350824,815877,experiment,view
2016-10-11 02:31:27.877631,419507,experiment,view
2016-10-11 02:38:52.228232,695562,experiment,view
2016-10-11 02:41:38.888839,389475,control,view
2016-10-11 02:55:54.972241,407101,control,view
2016-10-11 03:10:18.408677,209934,experiment,view
2016-10-11 03:10:52.534367,209934,experiment,click
2016-10-11 03:22:44.297349,669528,experiment,view
2016-10-11 03:33:30.508897,694343,control,view
2016-10-11 03:55:35.921567,475961,control,view
2016-10-11 03:59:53.879664,666419,experiment,view
2016-10-11 04:36:42.067454,832787,control,view
2016-10-11 05:52:27.199782,373400,experiment,view
2016-10-11 06:13:06.737663,190548,control,view
2016-10-11 06:20:00.685415,513862,experiment,view
2016-10-11 06:28:10.778508,610921,control,view
2016-10-11 06:36:01.654431,930672,experiment,view
2016-10-11 06:47:12.545913,925193,experiment,view
2016-10-11 06:48:21.627292,925193,experiment,click
2016-10-11 06:56:20.697025,355698,experiment,view
2016-10-11 08:22:08.662829,705712,control,view
2016-10-11 09:49:06.260441,611082,control,view
2016-10-11 10:18:57.132895,757471,experiment,view
2016-10-11 11:18:17.244054,617995,control,view
2016-10-11 11:40:03.130840,264374,experiment,view
2016-10-11 12:09:37.311281,897446,control,view
2016-10-11 12:12:36.673575,821492,experiment,view
2016-10-11 12:15:33.533444,541048,control,view
2016-10-11 13:10:31.708600,907957,control,view
2016-10-11 13:51:26.187016,466380,control,view
2016-10-11 13:52:32.539643,682931,experiment,view
2016-10-11 14:08:31.580747,566421,experiment,view
2016-10-11 14:14:05.185112,352038,experiment,view
2016-10-11 14:22:08.175628,206822,control,view
2016-10-11 14:29:19.084668,700428,experiment,view
2016-10-11 14:50:16.490617,621794,control,view
2016-10-11 14:50:22.261519,621794,control,click
2016-10-11 15:17:15.833276,461806,control,view
2016-10-11 15:17:39.102964,789263,experiment,view
2016-10-11 17:42:18.137562,734158,experiment,view
2016-10-11 18:26:51.684803,424944,control,view
2016-10-11 19:35:43.826338,619989,control,view
2016-10-11 19:35:50.584199,619989,control,click
2016-10-11 19:36:24.364067,430081,control,view
2016-10-11 20:08:59.582238,481009,experiment,view
2016-10-11 20:13:59.466607,651476,experiment,view
2016-10-11 21:06:33.689065,868076,control,view
2016-10-11 21:06:57.010263,868076,control,click
2016-10-11 23:14:03.924165,786395,experiment,view
2016-10-12 00:00:08.174882,447503,experiment,view
2016-10-12 00:38:02.234907,754580,experiment,view
2016-10-12 01:05:33.282005,626851,experiment,view
2016-10-12 01:06:56.296078,495947,experiment,view
2016-10-12 01:13:33.239195,449721,control,view
2016-10-12 01:13:53.936978,449721,control,click
2016-10-12 01:30:44.503823,715396,experiment,view
2016-10-12 02:08:31.336454,484981,control,view
2016-10-12 02:12:54.638648,344385,experiment,view
2016-10-12 02:23:24.030352,700226,control,view
2016-10-12 03:05:32.548513,668378,experiment,view
2016-10-12 03:06:45.353185,668378,experiment,click
2016-10-12 03:15:07.808882,677836,control,view
2016-10-12 03:15:34.547508,677836,control,click
2016-10-12 03:27:41.556136,479906,experiment,view
2016-10-12 03:27:48.098532,705136,experiment,view
2016-10-12 03:31:58.918296,736629,experiment,view
2016-10-12 03:33:40.133757,563139,experiment,view
2016-10-12 04:07:37.408316,673786,experiment,view
2016-10-12 04:43:18.409870,473047,experiment,view
2016-10-12 04:43:25.012914,473047,experiment,click
2016-10-12 04:47:56.983404,712472,experiment,view
2016-10-12 04:49:34.915696,712472,experiment,click
2016-10-12 05:03:55.858522,837196,control,view
2016-10-12 05:18:02.546474,837797,experiment,view
2016-10-12 05:18:18.588438,837797,experiment,click
2016-10-12 05:19:31.526140,694284,experiment,view
2016-10-12 05:33:08.080299,466813,experiment,view
2016-10-12 05:40:01.465300,316449,control,view
2016-10-12 05:40:56.798895,316449,control,click
2016-10-12 06:09:14.466903,503542,control,view
2016-10-12 06:34:36.919382,769308,control,view
2016-10-12 06:44:27.858277,862665,control,view
2016-10-12 06:45:30.689556,293929,control,view
2016-10-12 07:03:39.362920,911865,experiment,view
2016-10-12 07:04:02.827820,911865,experiment,click
2016-10-12 07:40:06.498173,793329,control,view
2016-10-12 07:49:30.440361,855704,control,view
2016-10-12 07:49:37.596671,855704,control,click
2016-10-12 08:02:50.070365,519531,control,view
2016-10-12 08:30:18.654885,280886,control,view
2016-10-12 09:01:13.607874,363933,experiment,view
2016-10-12 09:46:53.106287,904837,experiment,view
2016-10-12 10:11:34.334191,599435,control,view
2016-10-12 11:10:18.118706,541737,experiment,view
2016-10-12 11:24:33.277088,472549,experiment,view
2016-10-12 12:22:19.848419,557131,experiment,view
2016-10-12 12:34:57.869327,346225,control,view
2016-10-12 12:36:22.405466,346225,control,click
2016-10-12 13:45:01.240294,853315,experiment,view
2016-10-12 14:21:05.049800,624054,control,view
2016-10-12 15:55:20.183069,276768,control,view
2016-10-12 16:10:13.208678,738965,control,view
2016-10-12 16:10:17.082922,738965,control,click
2016-10-12 17:20:59.255438,889073,experiment,view
2016-10-12 17:21:37.286337,369652,control,view
2016-10-12 17:22:16.160742,369652,control,click
2016-10-12 17:22:33.349922,889073,experiment,click
2016-10-12 17:45:32.824536,244696,experiment,view
2016-10-12 18:12:35.857859,453393,experiment,view
2016-10-12 19:06:28.379820,609757,control,view
2016-10-12 19:55:12.339123,837373,experiment,view
2016-10-12 20:19:22.435474,644262,control,view
2016-10-12 20:31:39.592969,654760,control,view
2016-10-12 20:32:36.992314,654760,control,click
2016-10-12 21:13:27.351264,538483,experiment,view
2016-10-12 22:00:15.062245,549876,experiment,view
2016-10-12 22:05:48.206456,777614,experiment,view
2016-10-12 22:49:49.200262,282972,control,view
2016-10-12 23:01:39.859676,619271,experiment,view
2016-10-12 23:51:42.329373,491217,control,view
2016-10-12 23:51:48.353049,491217,control,click
2016-10-12 23:52:42.941827,692884,control,view
2016-10-12 23:53:28.979577,692884,control,click
2016-10-13 00:39:30.836427,492310,experiment,view
2016-10-13 01:19:36.502014,450917,experiment,view
2016-10-13 01:31:11.423072,432303,experiment,view
2016-10-13 01:33:51.300345,858366,experiment,view
2016-10-13 01:36:22.125799,643792,control,view
2016-10-13 02:00:57.313285,246819,control,view
2016-10-13 02:02:33.340478,246819,control,click
2016-10-13 02:19:17.422712,325612,experiment,view
2016-10-13 02:25:11.313235,388040,control,view
2016-10-13 02:25:50.931340,388040,control,click
2016-10-13 02:30:42.081641,800434,control,view
2016-10-13 02:32:19.880225,800434,control,click
2016-10-13 03:34:03.216674,491933,experiment,view
2016-10-13 03:41:10.570225,724915,control,view
2016-10-13 04:19:05.957532,486480,experiment,view
2016-10-13 04:20:19.202801,683948,experiment,view
2016-10-13 04:20:29.089346,683948,experiment,click
2016-10-13 04:22:47.940902,606163,experiment,view
2016-10-13 04:23:41.942854,606163,experiment,click
2016-10-13 05:13:49.308955,315422,experiment,view
2016-10-13 05:19:31.561369,929844,control,view
2016-10-13 05:21:07.733622,929844,control,click
2016-10-13 05:24:27.856678,762327,control,view
2016-10-13 06:46:51.344921,670007,experiment,view
2016-10-13 07:40:11.272984,768242,experiment,view
2016-10-13 07:41:04.626326,768242,experiment,click
2016-10-13 08:36:37.501498,238113,experiment,view
2016-10-13 08:38:02.542836,238113,experiment,click
2016-10-13 09:27:11.003046,545773,control,view
2016-10-13 09:37:01.402699,470775,control,view
2016-10-13 09:51:34.694405,516752,control,view
2016-10-13 09:52:29.364311,516752,control,click
2016-10-13 09:53:10.700226,746142,experiment,view
2016-10-13 09:53:22.533617,746142,experiment,click
2016-10-13 10:07:33.752008,185833,experiment,view
2016-10-13 10:08:35.268606,538982,experiment,view
2016-10-13 10:58:07.164836,275302,control,view
2016-10-13 11:20:15.930503,315236,experiment,view
2016-10-13 11:21:12.178801,315236,experiment,click
2016-10-13 11:41:43.880418,798035,experiment,view
2016-10-13 11:42:40.629010,798035,experiment,click
2016-10-13 11:53:46.429727,319243,control,view
2016-10-13 12:09:38.535348,207612,experiment,view
2016-10-13 12:09:55.295509,207612,experiment,click
2016-10-13 12:26:59.331505,245658,control,view
2016-10-13 13:09:02.896282,299862,control,view
2016-10-13 13:56:49.831210,472155,control,view
2016-10-13 14:16:23.626493,326407,control,view
2016-10-13 14:22:20.475992,934612,control,view
2016-10-13 15:16:01.617775,608715,experiment,view
2016-10-13 15:16:27.357519,608715,experiment,click
2016-10-13 16:05:12.109536,831336,control,view
2016-10-13 16:05:36.137537,831336,control,click
2016-10-13 16:09:20.672637,702995,experiment,view
2016-10-13 16:10:57.766736,702995,experiment,click
2016-10-13 16:25:02.567767,918968,control,view
2016-10-13 16:30:48.858165,776037,control,view
2016-10-13 16:41:32.192855,560254,control,view
2016-10-13 16:43:24.632572,797349,experiment,view
2016-10-13 18:51:47.016500,187491,experiment,view
2016-10-13 18:51:47.697799,215954,control,view
2016-10-13 19:49:50.967449,755917,control,view
2016-10-13 19:59:03.818339,536224,control,view
2016-10-13 20:14:17.846650,559008,control,view
2016-10-13 20:26:38.390728,444125,experiment,view
2016-10-13 20:27:42.075197,929545,experiment,view
2016-10-13 20:27:48.154595,531027,control,view
2016-10-13 20:45:21.140581,205853,experiment,view
2016-10-13 20:46:38.536235,205853,experiment,click
2016-10-13 20:53:22.344801,606134,experiment,view
2016-10-13 21:31:13.912058,820069,control,view
2016-10-13 21:55:41.051864,394111,control,view
2016-10-13 21:59:43.726964,768055,control,view
2016-10-13 22:04:53.746859,668055,control,view
2016-10-13 22:12:11.602757,855908,experiment,view
2016-10-13 22:13:01.327629,855908,experiment,click
2016-10-13 22:19:27.769297,769105,experiment,view
2016-10-13 22:20:01.413383,769105,experiment,click
2016-10-13 22:20:40.354096,616073,control,view
2016-10-13 22:22:03.701955,616073,control,click
2016-10-13 22:22:28.062556,803365,control,view
2016-10-13 23:01:57.828322,661254,control,view
2016-10-13 23:10:31.294704,317050,experiment,view
2016-10-13 23:25:58.436653,737784,control,view
2016-10-13 23:26:37.549236,737784,control,click
2016-10-14 00:51:29.309020,255190,control,view
2016-10-14 00:51:32.821579,255190,control,click
2016-10-14 01:21:46.154488,668906,experiment,view
2016-10-14 01:37:54.261342,748865,control,view
2016-10-14 02:46:33.042756,817468,experiment,view
2016-10-14 03:25:40.186014,626808,experiment,view
2016-10-14 03:27:19.501272,626808,experiment,click
2016-10-14 03:43:27.297248,616297,control,view
2016-10-14 03:45:47.758255,510217,control,view
2016-10-14 03:57:24.829817,465701,control,view
2016-10-14 03:59:49.093676,653158,control,view
2016-10-14 04:18:37.467252,805518,control,view
2016-10-14 04:22:42.085000,570330,control,view
2016-10-14 04:26:32.617787,775110,control,view
2016-10-14 04:28:43.134511,364350,experiment,view
2016-10-14 05:53:33.560794,296298,experiment,view
2016-10-14 05:55:09.568934,296298,experiment,click
2016-10-14 06:25:21.241483,335323,control,view
2016-10-14 06:26:27.016848,335323,control,click
2016-10-14 07:11:12.656562,636287,control,view
2016-10-14 07:26:39.893367,339931,control,view
2016-10-14 07:27:41.514852,339931,control,click
2016-10-14 07:28:45.433751,602481,control,view
2016-10-14 07:38:27.940149,659912,control,view
2016-10-14 08:36:40.747420,631170,control,view
2016-10-14 08:37:13.152214,631170,control,click
2016-10-14 08:44:34.218831,704505,experiment,view
2016-10-14 09:13:14.879994,532513,experiment,view
2016-10-14 09:14:09.608755,532513,experiment,click
2016-10-14 10:04:30.232328,303048,control,view
2016-10-14 10:23:31.244087,868088,experiment,view
2016-10-14 10:57:44.861577,421991,control,view
2016-10-14 10:58:09.458233,421991,control,click
2016-10-14 11:24:17.241703,878676,experiment,view
2016-10-14 11:34:19.775290,624903,control,view
2016-10-14 11:39:19.598605,304748,control,view
2016-10-14 12:13:45.275131,781131,experiment,view
2016-10-14 12:30:51.333882,873030,experiment,view
2016-10-14 12:35:24.038875,199724,control,view
2016-10-14 12:35:42.121811,199724,control,click
2016-10-14 12:49:16.612961,621276,control,view
2016-10-14 12:49:25.460954,621276,control,click
2016-10-14 13:27:28.229035,846059,experiment,view
2016-10-14 14:07:00.279461,348953,control,view
2016-10-14 14:07:12.176764,348953,control,click
2016-10-14 14:47:53.797876,294426,control,view
2016-10-14 14:55:02.494984,367204,experiment,view
2016-10-14 14:55:51.937888,367204,experiment,click
2016-10-14 15:01:53.762040,908540,control,view
2016-10-14 15:26:06.592573,810111,experiment,view
2016-10-14 15:27:22.048188,810111,experiment,click
2016-10-14 15:54:26.557405,315964,control,view
2016-10-14 16:08:26.700655,920410,control,view
2016-10-14 16:10:38.948791,666372,control,view
2016-10-14 16:11:03.677658,666372,control,click
2016-10-14 17:02:24.345122,251427,experiment,view
2016-10-14 18:13:21.913283,235055,control,view
2016-10-14 18:20:08.694820,711508,control,view
2016-10-14 18:30:57.794395,537503,experiment,view
2016-10-14 18:32:28.508566,537503,experiment,click
2016-10-14 19:11:03.323712,215862,control,view
2016-10-14 19:12:23.671226,215862,control,click
2016-10-14 19:16:43.963454,541681,experiment,view
2016-10-14 19:19:41.954112,533689,control,view
2016-10-14 19:41:13.413609,678919,experiment,view
2016-10-14 19:41:56.399071,678919,experiment,click
2016-10-14 21:04:58.308334,821136,control,view
2016-10-14 21:14:34.599750,632547,experiment,view
2016-10-14 21:15:26.230397,632547,experiment,click
2016-10-14 21:33:56.449278,728508,control,view
2016-10-14 21:36:32.199968,844210,control,view
2016-10-14 22:13:03.295694,190312,control,view
2016-10-14 22:13:04.319413,190312,control,click
2016-10-14 22:52:25.690858,853302,control,view
2016-10-14 23:02:30.131434,471116,control,view
2016-10-14 23:13:03.668674,365960,experiment,view
2016-10-14 23:38:09.700112,503146,experiment,view
2016-10-15 00:16:04.083300,625797,experiment,view
2016-10-15 00:16:50.568636,625797,experiment,click
2016-10-15 02:05:00.057837,593972,control,view
2016-10-15 02:16:07.887229,515869,control,view
2016-10-15 02:40:36.783670,190376,experiment,view
2016-10-15 02:46:11.877013,795888,control,view
2016-10-15 02:54:35.628996,691265,control,view
2016-10-15 02:54:46.934293,691265,control,click
2016-10-15 03:27:07.538408,825501,control,view
2016-10-15 04:11:01.399662,655924,experiment,view
2016-10-15 04:12:16.046645,655924,experiment,click
2016-10-15 05:38:55.800872,752313,control,view
2016-10-15 05:40:32.322082,752313,control,click
2016-10-15 06:26:43.899401,414939,experiment,view
2016-10-15 06:45:40.568521,246431,control,view
2016-10-15 06:46:50.591528,246431,control,click
2016-10-15 06:58:18.353385,472566,control,view
2016-10-15 07:05:17.741363,291076,control,view
2016-10-15 07:51:46.293028,757882,control,view
2016-10-15 07:53:17.275236,757882,control,click
2016-10-15 09:02:00.130465,436733,experiment,view
2016-10-15 09:04:34.887623,707813,experiment,view
2016-10-15 09:37:57.753305,573913,experiment,view
2016-10-15 09:50:01.236105,402978,experiment,view
2016-10-15 09:50:18.207432,402978,experiment,click
2016-10-15 10:03:33.487288,205897,experiment,view
2016-10-15 10:03:57.847751,205897,experiment,click
2016-10-15 10:07:38.616556,461484,control,view
2016-10-15 10:15:10.680350,611873,control,view
2016-10-15 10:15:16.268150,611873,control,click
2016-10-15 10:58:10.519353,690897,control,view
2016-10-15 10:59:07.036670,690897,control,click
2016-10-15 11:20:16.754779,318849,experiment,view
2016-10-15 11:21:42.406064,318849,experiment,click
2016-10-15 11:50:01.117730,330382,experiment,view
2016-10-15 12:08:00.017805,752464,experiment,view
2016-10-15 12:08:59.407291,752464,experiment,click
2016-10-15 13:13:57.492652,815211,experiment,view
2016-10-15 13:40:26.492159,517689,control,view
2016-10-15 13:41:37.362358,517689,control,click
2016-10-15 13:52:42.067366,498550,experiment,view
2016-10-15 13:53:37.041367,498550,experiment,click
2016-10-15 14:15:17.067616,188490,control,view
2016-10-15 14:37:34.717723,864324,experiment,view
2016-10-15 14:57:17.838881,777148,experiment,view
2016-10-15 15:30:47.279066,735764,experiment,view
2016-10-15 15:32:36.509481,438375,experiment,view
2016-10-15 16:15:58.946179,457181,control,view
2016-10-15 16:16:43.503227,457181,control,click
2016-10-15 16:46:51.216273,375850,experiment,view
2016-10-15 17:25:27.688834,655457,experiment,view
2016-10-15 17:49:00.814557,629044,control,view
2016-10-15 17:49:19.989758,629044,control,click
2016-10-15 17:51:56.724305,652319,experiment,view
2016-10-15 17:52:39.270530,652319,experiment,click
2016-10-15 17:52:50.845591,315734,experiment,view
2016-10-15 17:55:17.471655,334997,control,view
2016-10-15 18:01:48.853734,383758,experiment,view
2016-10-15 18:03:42.310291,878755,experiment,view
2016-10-15 18:04:45.423200,878755,experiment,click
2016-10-15 18:59:12.505232,550085,experiment,view
2016-10-15 20:05:19.968464,240417,control,view
2016-10-15 20:17:57.186055,664725,control,view
2016-10-15 20:31:40.292978,759251,experiment,view
2016-10-15 20:43:34.471043,928377,experiment,view
2016-10-15 20:43:39.066571,928377,experiment,click
2016-10-15 21:12:26.165159,787855,experiment,view
2016-10-15 21:20:39.284953,762613,experiment,view
2016-10-15 22:18:34.206821,581822,experiment,view
2016-10-15 22:31:59.703812,761973,experiment,view
2016-10-15 22:32:49.482268,761973,experiment,click
2016-10-15 23:00:34.735924,608382,experiment,view
2016-10-15 23:40:32.838746,297529,control,view
2016-10-15 23:42:02.329280,297529,control,click
2016-10-15 23:42:28.276811,242574,experiment,view
2016-10-15 23:43:22.893566,242574,experiment,click
2016-10-15 23:54:36.372566,442161,control,view
2016-10-16 00:55:49.888590,600078,control,view
2016-10-16 02:23:24.435252,607353,control,view
2016-10-16 02:26:26.745381,363115,experiment,view
2016-10-16 02:29:02.373363,820496,experiment,view
2016-10-16 02:29:07.565933,820496,experiment,click
2016-10-16 02:46:56.917774,787970,control,view
2016-10-16 03:00:18.992083,514586,experiment,view
2016-10-16 03:01:08.562977,514586,experiment,click
2016-10-16 03:57:27.808035,786809,experiment,view
2016-10-16 04:54:23.272267,618261,control,view
2016-10-16 05:44:35.947416,696876,control,view
2016-10-16 05:55:19.151651,807248,experiment,view
2016-10-16 05:56:56.143382,807248,experiment,click
2016-10-16 06:50:46.510429,359068,experiment,view
2016-10-16 07:01:09.903351,226812,experiment,view
2016-10-16 07:02:08.382474,226812,experiment,click
2016-10-16 08:10:33.965938,779578,experiment,view
2016-10-16 08:12:17.486631,486290,experiment,view
2016-10-16 08:55:49.893412,472697,control,view
2016-10-16 08:56:45.490245,472697,control,click
2016-10-16 08:57:10.731412,695886,control,view
2016-10-16 09:50:56.396825,633695,experiment,view
2016-10-16 10:16:22.319643,370007,experiment,view
2016-10-16 11:53:42.218488,204792,experiment,view
2016-10-16 11:55:21.651098,204792,experiment,click
2016-10-16 11:57:43.146951,213365,control,view
2016-10-16 12:15:24.716098,385025,control,view
2016-10-16 12:22:02.794308,480220,experiment,view
2016-10-16 12:49:40.845337,432652,experiment,view
2016-10-16 13:31:12.961878,222262,control,view
2016-10-16 14:18:31.141209,890631,control,view
2016-10-16 15:01:24.126760,908978,control,view
2016-10-16 15:07:57.191979,667756,control,view
2016-10-16 15:14:55.335118,794838,experiment,view
2016-10-16 15:16:11.927255,794838,experiment,click
2016-10-16 15:25:38.920293,285489,experiment,view
2016-10-16 15:26:58.469483,285489,experiment,click
2016-10-16 15:50:54.614151,237737,experiment,view
2016-10-16 16:44:46.103212,295868,control,view
2016-10-16 16:54:55.531408,928645,control,view
2016-10-16 16:58:18.715189,573272,experiment,view
2016-10-16 17:05:55.884779,219387,control,view
2016-10-16 17:25:20.872121,787632,experiment,view
2016-10-16 17:26:16.262627,787632,experiment,click
2016-10-16 17:31:18.665563,497914,experiment,view
2016-10-16 17:32:08.196587,497914,experiment,click
2016-10-16 18:11:45.354216,461499,control,view
2016-10-16 18:29:27.998043,814142,experiment,view
2016-10-16 18:38:40.755847,317058,experiment,view
2016-10-16 18:52:30.843678,260929,experiment,view
2016-10-16 19:12:56.995286,526025,control,view
2016-10-16 20:15:54.093282,852520,experiment,view
2016-10-16 20:16:53.279242,852520,experiment,click
2016-10-16 20:49:46.946011,622996,experiment,view
2016-10-16 20:51:13.338479,673856,control,view
2016-10-16 21:03:09.193225,875285,experiment,view
2016-10-16 21:35:01.933232,755063,experiment,view
2016-10-16 22:00:12.955457,237010,control,view
2016-10-16 22:01:40.650187,645093,control,view
2016-10-16 22:03:20.236465,645093,control,click
2016-10-16 22:27:38.854111,634064,control,view
2016-10-16 23:36:55.233852,605986,control,view
2016-10-17 00:09:00.244822,274472,experiment,view
2016-10-17 00:10:27.349188,276001,control,view
2016-10-17 00:35:44.568814,344313,experiment,view
2016-10-17 01:00:30.459538,264617,experiment,view
2016-10-17 03:23:10.281933,695814,experiment,view
2016-10-17 03:47:10.163804,205805,control,view
2016-10-17 03:47:47.628278,205805,control,click
2016-10-17 04:03:41.184827,436692,control,view
2016-10-17 04:04:02.398959,635688,control,view
2016-10-17 04:11:49.170734,901786,experiment,view
2016-10-17 04:19:09.585562,748144,experiment,view
2016-10-17 06:17:15.319211,530057,experiment,view
2016-10-17 06:17:20.467869,530057,experiment,click
2016-10-17 08:13:52.980796,930259,control,view
2016-10-17 08:17:17.788118,335803,experiment,view
2016-10-17 08:18:52.511832,335803,experiment,click
2016-10-17 08:19:10.440638,314466,experiment,view
2016-10-17 08:42:51.536766,684599,control,view
2016-10-17 09:18:54.449961,776712,experiment,view
2016-10-17 09:38:30.024531,866456,experiment,view
2016-10-17 10:16:48.201556,622720,experiment,view
2016-10-17 10:35:58.569336,532734,experiment,view
2016-10-17 10:36:25.592774,532734,experiment,click
2016-10-17 10:39:48.625896,371698,experiment,view
2016-10-17 11:14:17.510799,315203,control,view
2016-10-17 11:15:54.703536,315203,control,click
2016-10-17 11:32:23.279930,846529,experiment,view
2016-10-17 12:00:20.810356,686051,control,view
2016-10-17 13:23:53.791840,603804,control,view
2016-10-17 13:24:27.756473,603804,control,click
2016-10-17 13:47:58.891043,203003,control,view
2016-10-17 13:48:23.522268,203003,control,click
2016-10-17 13:58:09.524284,838724,control,view
2016-10-17 14:20:29.943977,765312,experiment,view
2016-10-17 14:45:15.607527,758856,experiment,view
2016-10-17 14:46:16.642610,758856,experiment,click
2016-10-17 15:17:08.078911,621427,control,view
2016-10-17 16:22:18.343742,352876,experiment,view
2016-10-17 16:38:38.459392,700605,control,view
2016-10-17 16:39:21.859796,842367,experiment,view
2016-10-17 16:40:13.321267,551417,control,view
2016-10-17 17:25:04.245009,626045,control,view
2016-10-17 17:26:21.997025,626045,control,click
2016-10-17 17:42:31.413940,452564,control,view
2016-10-17 18:49:51.212984,431850,experiment,view
2016-10-17 18:49:55.544033,431850,experiment,click
2016-10-17 18:57:11.392974,597598,control,view
2016-10-17 19:41:19.172157,906853,control,view
2016-10-17 20:05:21.555219,643338,experiment,view
2016-10-17 20:24:05.345462,269844,experiment,view
2016-10-17 20:24:08.035280,269844,experiment,click
2016-10-17 20:27:39.062206,894781,control,view
2016-10-17 21:11:10.111257,258772,control,view
2016-10-17 21:11:26.091923,628326,control,view
2016-10-17 21:46:21.042684,337358,experiment,view
2016-10-17 22:10:07.825393,749316,experiment,view
2016-10-17 22:11:24.859194,749316,experiment,click
2016-10-17 23:42:48.693413,805307,experiment,view
2016-10-17 23:58:02.023613,762843,control,view
2016-10-18 00:04:37.520185,259709,experiment,view
2016-10-18 00:46:40.041688,638979,control,view
2016-10-18 01:02:27.498663,215652,control,view
2016-10-18 01:05:17.961505,296623,control,view
2016-10-18 01:25:32.134235,368521,control,view
2016-10-18 01:26:51.309946,368521,control,click
2016-10-18 01:51:20.932763,517704,experiment,view
2016-10-18 01:52:00.793744,517704,experiment,click
2016-10-18 01:57:37.128799,845349,experiment,view
2016-10-18 02:05:35.680889,880543,control,view
2016-10-18 02:43:08.473886,335887,control,view
2016-10-18 03:14:22.228338,677466,control,view
2016-10-18 03:54:19.134330,239041,experiment,view
2016-10-18 04:27:39.075413,651014,control,view
2016-10-18 04:31:49.111793,264901,experiment,view
2016-10-18 04:33:05.260918,373073,experiment,view
2016-10-18 04:33:13.927984,373073,experiment,click
2016-10-18 04:49:03.450439,354529,control,view
2016-10-18 04:50:14.615862,354529,control,click
2016-10-18 04:52:51.380458,757933,experiment,view
2016-10-18 05:43:41.488001,735865,experiment,view
2016-10-18 05:44:06.928248,629874,control,view
2016-10-18 05:50:31.154566,235619,experiment,view
2016-10-18 05:51:04.482281,235619,experiment,click
2016-10-18 06:31:46.094942,224930,experiment,view
2016-10-18 06:39:13.123312,382094,control,view
2016-10-18 06:52:29.375004,683160,control,view
2016-10-18 07:18:24.846037,588741,experiment,view
2016-10-18 07:18:35.431837,588741,experiment,click
2016-10-18 07:23:28.242794,487123,control,view
2016-10-18 08:22:30.183523,545386,control,view
2016-10-18 08:24:05.915656,545386,control,click
2016-10-18 08:28:56.073989,300164,control,view
2016-10-18 08:30:08.815321,420978,control,view
2016-10-18 08:39:07.405591,367437,experiment,view
2016-10-18 08:49:32.780599,512959,experiment,view
2016-10-18 09:07:26.488218,740892,control,view
2016-10-18 09:50:47.633148,811601,experiment,view
2016-10-18 10:07:12.682115,338648,control,view
2016-10-18 10:10:21.225408,461786,control,view
2016-10-18 10:11:37.345642,461786,control,click
2016-10-18 10:45:16.126608,689122,control,view
2016-10-18 10:47:35.526050,214733,control,view
2016-10-18 12:42:23.494312,405266,control,view
2016-10-18 12:53:45.362190,616116,experiment,view
2016-10-18 13:21:30.175207,389735,experiment,view
2016-10-18 13:37:40.591640,805459,control,view
2016-10-18 13:59:27.592981,654829,control,view
2016-10-18 14:00:09.135099,654829,control,click
2016-10-18 14:06:33.644587,686398,control,view
2016-10-18 14:08:05.915282,686398,control,click
2016-10-18 14:12:54.474654,568937,experiment,view
2016-10-18 14:54:32.594508,358509,control,view
2016-10-18 15:11:16.721232,832195,experiment,view
2016-10-18 15:12:03.969104,832195,experiment,click
2016-10-18 15:16:20.248153,668344,experiment,view
2016-10-18 15:16:44.533739,668344,experiment,click
2016-10-18 15:19:18.704375,421055,control,view
2016-10-18 15:20:04.843785,421055,control,click
2016-10-18 15:56:06.412086,187518,control,view
2016-10-18 15:57:07.490366,187518,control,click
2016-10-18 16:26:01.509712,249216,control,view
2016-10-18 16:34:07.107808,630342,experiment,view
2016-10-18 16:34:24.350785,630342,experiment,click
2016-10-18 16:55:40.885352,305584,experiment,view
2016-10-18 16:58:52.790375,569917,control,view
2016-10-18 17:25:19.382094,262692,experiment,view
2016-10-18 18:15:03.002053,891797,experiment,view
2016-10-18 18:17:59.571402,553405,experiment,view
2016-10-18 18:20:53.721372,306130,control,view
2016-10-18 19:36:03.957338,703148,control,view
2016-10-18 20:23:13.200405,674900,control,view
2016-10-18 20:24:08.649813,674900,control,click
2016-10-18 21:57:29.760475,316905,experiment,view
2016-10-18 22:28:34.100292,762439,experiment,view
2016-10-18 22:29:13.312271,762439,experiment,click
2016-10-18 22:40:54.369232,633650,experiment,view
2016-10-18 23:58:38.031969,892144,control,view
2016-10-19 00:10:02.540500,334973,experiment,view
2016-10-19 00:25:37.698685,906503,experiment,view
2016-10-19 00:25:55.130398,906503,experiment,click
2016-10-19 02:18:24.234447,767777,experiment,view
2016-10-19 02:38:25.145006,200527,control,view
2016-10-19 02:53:52.638404,213073,control,view
2016-10-19 02:54:27.631325,213073,control,click
2016-10-19 03:03:53.027476,902814,control,view
2016-10-19 03:12:35.397434,898026,control,view
2016-10-19 03:33:25.735342,716741,experiment,view
2016-10-19 03:33:31.590605,716741,experiment,click
2016-10-19 03:42:32.049281,889795,control,view
2016-10-19 04:30:48.259404,508537,control,view
2016-10-19 04:50:26.296163,261381,control,view
2016-10-19 04:58:29.144152,375979,experiment,view
2016-10-19 05:00:05.701776,605309,control,view
2016-10-19 05:48:27.074723,856961,experiment,view
2016-10-19 06:15:21.955258,804291,control,view
2016-10-19 07:29:22.101883,812423,experiment,view
2016-10-19 07:29:57.516113,812423,experiment,click
2016-10-19 07:33:26.666061,387927,control,view
2016-10-19 07:51:17.158703,352709,experiment,view
2016-10-19 08:52:42.784212,627657,control,view
2016-10-19 09:36:01.218542,310916,control,view
2016-10-19 09:36:25.277975,574717,experiment,view
2016-10-19 09:36:55.405506,574717,experiment,click
2016-10-19 09:36:56.684199,310916,control,click
2016-10-19 10:49:32.929873,397362,control,view
2016-10-19 11:38:51.809287,223375,experiment,view
2016-10-19 11:52:37.346451,582618,control,view
2016-10-19 11:53:19.471642,681235,control,view
2016-10-19 12:13:11.114472,626553,control,view
2016-10-19 12:35:36.760284,793482,control,view
2016-10-19 12:41:43.166284,682534,control,view
2016-10-19 12:41:54.611328,682534,control,click
2016-10-19 13:14:50.310910,390289,control,view
2016-10-19 13:52:10.463983,855500,experiment,view
2016-10-19 13:53:58.617019,260441,control,view
2016-10-19 14:05:01.079163,263735,control,view
2016-10-19 14:05:56.048861,263735,control,click
2016-10-19 14:07:53.276544,216335,control,view
2016-10-19 14:08:09.288443,665088,experiment,view
2016-10-19 14:08:54.583549,542732,experiment,view
2016-10-19 14:10:23.944661,542732,experiment,click
2016-10-19 15:09:18.714390,870975,experiment,view
2016-10-19 15:48:42.565509,555956,control,view
2016-10-19 15:50:54.098819,736927,control,view
2016-10-19 16:17:10.547427,508060,experiment,view
2016-10-19 16:18:38.506675,508060,experiment,click
2016-10-19 16:45:23.307258,914942,experiment,view
2016-10-19 17:18:58.147591,784214,control,view
2016-10-19 17:20:36.786883,784214,control,click
2016-10-19 17:26:38.947964,873405,control,view
2016-10-19 17:35:07.216808,677015,experiment,view
2016-10-19 17:43:07.599113,712475,control,view
2016-10-19 17:43:18.164997,712475,control,click
2016-10-19 18:36:08.563338,289090,experiment,view
2016-10-19 19:34:22.070818,715493,experiment,view
2016-10-19 19:35:33.721405,715493,experiment,click
2016-10-19 20:23:59.052803,906248,experiment,view
2016-10-19 21:02:56.044875,318765,control,view
2016-10-19 21:14:28.983631,749850,control,view
2016-10-19 22:11:11.003750,374814,experiment,view
2016-10-19 22:32:52.344767,762241,control,view
2016-10-19 23:27:09.560449,330256,control,view
2016-10-19 23:55:21.188460,492854,control,view
2016-10-20 00:01:09.231906,687527,experiment,view
2016-10-20 00:04:59.896394,646339,experiment,view
2016-10-20 00:28:17.564493,194822,experiment,view
2016-10-20 00:56:49.793843,414848,control,view
2016-10-20 01:22:25.567552,718479,experiment,view
2016-10-20 01:37:40.296592,594923,control,view
2016-10-20 01:38:35.946749,594923,control,click
2016-10-20 03:05:27.534778,862380,experiment,view
2016-10-20 03:42:59.818755,396566,experiment,view
2016-10-20 04:20:27.152539,323435,experiment,view
2016-10-20 04:55:59.580388,698900,experiment,view
2016-10-20 04:57:32.264552,373612,experiment,view
2016-10-20 04:57:39.172088,373612,experiment,click
2016-10-20 05:03:01.343032,295305,control,view
2016-10-20 05:25:13.968000,428737,control,view
2016-10-20 06:12:12.559416,666358,experiment,view
2016-10-20 06:24:09.495230,862893,control,view
2016-10-20 06:30:31.628586,416879,control,view
2016-10-20 06:41:47.316314,812036,control,view
2016-10-20 06:49:09.091484,803060,experiment,view
2016-10-20 07:09:05.652992,726584,experiment,view
2016-10-20 07:12:12.263067,846590,experiment,view
2016-10-20 07:21:22.002423,664679,control,view
2016-10-20 07:51:54.999505,213569,experiment,view
2016-10-20 09:53:49.990656,563003,experiment,view
2016-10-20 10:18:31.760140,772446,control,view
2016-10-20 10:32:07.591463,473946,experiment,view
2016-10-20 11:15:52.439866,584087,experiment,view
2016-10-20 11:38:15.197856,557883,control,view
2016-10-20 11:41:59.984387,715900,control,view
2016-10-20 11:53:43.466030,299179,control,view
2016-10-20 12:35:27.376933,493483,control,view
2016-10-20 12:35:46.193623,493483,control,click
2016-10-20 12:35:49.380781,875695,experiment,view
2016-10-20 12:52:07.882049,279027,experiment,view
2016-10-20 12:53:25.906591,279027,experiment,click
2016-10-20 13:01:05.463700,706244,experiment,view
2016-10-20 13:02:38.767844,706244,experiment,click
2016-10-20 13:06:28.278790,859734,experiment,view
2016-10-20 13:10:36.013045,926105,experiment,view
2016-10-20 13:10:57.800132,926105,experiment,click
2016-10-20 14:28:24.322077,854005,control,view
2016-10-20 14:29:03.258474,854005,control,click
2016-10-20 15:02:01.749316,727645,control,view
2016-10-20 15:53:54.639585,869191,experiment,view
2016-10-20 15:58:58.723274,430776,experiment,view
2016-10-20 16:11:52.460447,596332,experiment,view
2016-10-20 16:13:29.832949,471450,control,view
2016-10-20 16:37:00.517121,845980,experiment,view
2016-10-20 16:59:22.045621,441858,control,view
2016-10-20 17:00:26.413772,441858,control,click
2016-10-20 17:11:08.375827,526482,experiment,view
2016-10-20 17:12:10.724026,526482,experiment,click
2016-10-20 17:53:28.548716,886317,experiment,view
2016-10-20 17:59:34.583503,581842,control,view
2016-10-20 18:26:00.402589,906000,experiment,view
2016-10-20 18:45:54.867115,795425,experiment,view
2016-10-20 19:01:58.647795,393074,control,view
2016-10-20 19:24:50.636047,925387,experiment,view
2016-10-20 19:25:04.210172,925387,experiment,click
2016-10-20 19:29:17.438261,367895,experiment,view
2016-10-20 19:37:16.259199,691525,control,view
2016-10-20 19:38:03.907882,691525,control,click
2016-10-20 20:05:02.475454,547511,experiment,view
2016-10-20 20:11:58.264167,723862,control,view
2016-10-20 20:32:44.592180,375490,control,view
2016-10-20 20:37:17.794798,670168,experiment,view
2016-10-20 21:05:39.160371,880866,control,view
2016-10-20 21:07:08.710914,880866,control,click
2016-10-20 21:37:50.294731,433314,control,view
2016-10-20 21:43:44.591783,318421,experiment,view
2016-10-20 22:08:50.634405,482532,control,view
2016-10-20 22:16:49.535497,621743,experiment,view
2016-10-20 22:17:53.101391,621743,experiment,click
2016-10-20 22:30:16.460276,760437,experiment,view
2016-10-20 23:27:47.691041,431357,control,view
2016-10-20 23:29:00.307036,353494,experiment,view
2016-10-20 23:29:50.894709,353494,experiment,click
2016-10-20 23:40:19.896900,318786,experiment,view
2016-10-20 23:40:46.330410,318786,experiment,click
2016-10-21 00:33:38.309986,838924,control,view
2016-10-21 00:51:59.907336,238073,experiment,view
2016-10-21 01:15:04.732963,456573,experiment,view
2016-10-21 01:59:06.408296,282432,control,view
2016-10-21 02:16:45.652777,897684,experiment,view
2016-10-21 02:18:13.228614,897684,experiment,click
2016-10-21 02:23:23.781286,492266,control,view
2016-10-21 02:24:47.564642,564447,control,view
2016-10-21 02:34:12.261693,829734,experiment,view
2016-10-21 03:56:46.224063,439673,experiment,view
2016-10-21 04:02:42.803967,184441,experiment,view
2016-10-21 04:03:23.554329,184441,experiment,click
2016-10-21 04:20:48.882641,718410,control,view
2016-10-21 04:20:52.503109,718410,control,click
2016-10-21 05:08:23.742616,866152,control,view
2016-10-21 05:15:02.210400,921450,control,view
2016-10-21 05:41:56.034123,697792,experiment,view
2016-10-21 05:42:07.091668,697792,experiment,click
2016-10-21 05:43:16.510064,544437,experiment,view
2016-10-21 05:43:57.187755,544437,experiment,click
2016-10-21 05:45:48.365318,610182,experiment,view
2016-10-21 06:03:32.830922,802948,experiment,view
2016-10-21 06:25:51.967693,563142,control,view
2016-10-21 06:26:00.797063,563142,control,click
2016-10-21 07:07:06.835032,210193,control,view
2016-10-21 07:09:39.029736,446953,experiment,view
2016-10-21 07:55:16.028398,341218,control,view
2016-10-21 07:55:33.612202,341218,control,click
2016-10-21 08:33:20.487470,596327,control,view
2016-10-21 10:43:40.643562,791949,control,view
2016-10-21 10:44:50.372760,791949,control,click
2016-10-21 12:04:29.630002,678243,control,view
2016-10-21 12:05:18.127081,678243,control,click
2016-10-21 12:17:16.420291,581393,experiment,view
2016-10-21 12:18:09.824975,581393,experiment,click
2016-10-21 12:24:19.658402,470017,control,view
2016-10-21 12:46:38.557750,619266,control,view
2016-10-21 12:47:14.798609,619266,control,click
2016-10-21 13:46:21.621903,626556,control,view
2016-10-21 15:29:45.041981,442704,control,view
2016-10-21 15:35:41.400527,361226,control,view
2016-10-21 15:36:05.609197,361226,control,click
2016-10-21 16:05:01.875754,927797,control,view
2016-10-21 16:06:24.857383,786964,control,view
2016-10-21 17:04:16.282850,484328,control,view
2016-10-21 17:25:17.326130,505422,control,view
2016-10-21 17:30:47.585276,845361,control,view
2016-10-21 17:36:34.549027,832329,control,view
2016-10-21 17:46:40.751495,519914,control,view
2016-10-21 18:07:18.920346,687698,control,view
2016-10-21 18:20:37.414072,327156,experiment,view
2016-10-21 19:53:21.464163,433886,experiment,view
2016-10-21 20:14:20.439469,417110,control,view
2016-10-21 20:15:27.295175,417110,control,click
2016-10-21 20:31:26.499152,544853,control,view
2016-10-21 20:31:30.115416,544853,control,click
2016-10-21 20:35:11.042136,481110,experiment,view
2016-10-21 20:38:37.013209,931739,control,view
2016-10-21 20:38:38.444963,931739,control,click
2016-10-21 20:54:02.481449,778714,control,view
2016-10-21 20:55:23.410206,778714,control,click
2016-10-21 22:06:45.150677,501053,control,view
2016-10-21 22:17:30.151914,632745,control,view
2016-10-21 22:17:34.663018,632745,control,click
2016-10-21 23:26:26.249325,685814,control,view
2016-10-21 23:32:01.727219,490815,experiment,view
2016-10-22 00:03:16.869878,633108,control,view
2016-10-22 00:41:27.042308,719480,control,view
2016-10-22 00:42:18.606940,842036,control,view
2016-10-22 00:42:27.969940,842036,control,click
2016-10-22 01:19:49.978186,806668,experiment,view
2016-10-22 01:23:40.526325,195303,control,view
2016-10-22 02:10:28.520823,241203,experiment,view
2016-10-22 02:11:53.048796,246856,control,view
2016-10-22 02:12:18.532529,263460,experiment,view
2016-10-22 02:14:22.634284,366439,experiment,view
2016-10-22 02:15:08.219268,366439,experiment,click
2016-10-22 03:27:12.022185,828039,control,view
2016-10-22 03:27:41.513218,828039,control,click
2016-10-22 03:31:33.720614,893692,experiment,view
2016-10-22 03:37:02.150846,241827,control,view
2016-10-22 03:49:51.277202,760661,control,view
2016-10-22 03:51:11.444038,346763,control,view
2016-10-22 03:51:52.374849,346763,control,click
2016-10-22 04:07:48.653137,921250,experiment,view
2016-10-22 06:30:25.032930,336874,experiment,view
2016-10-22 06:31:00.225579,336874,experiment,click
2016-10-22 06:43:36.455283,263681,control,view
2016-10-22 06:44:13.226339,263681,control,click
2016-10-22 06:58:06.745735,653936,control,view
2016-10-22 06:58:20.400161,653936,control,click
2016-10-22 08:31:40.184769,633783,control,view
2016-10-22 08:52:46.955431,452333,experiment,view
2016-10-22 08:53:58.377195,452333,experiment,click
2016-10-22 09:21:07.748503,566668,experiment,view
2016-10-22 09:26:55.349237,512294,experiment,view
2016-10-22 10:52:02.527354,596389,control,view
2016-10-22 11:05:44.086681,484988,control,view
2016-10-22 11:32:00.174254,544661,control,view
2016-10-22 11:32:05.174737,544661,control,click
2016-10-22 11:48:58.958301,475815,control,view
2016-10-22 11:56:48.422772,865328,experiment,view
2016-10-22 12:25:49.509405,345138,experiment,view
2016-10-22 12:26:19.397164,345138,experiment,click
2016-10-22 12:52:23.934351,537896,control,view
2016-10-22 12:53:52.454380,537896,control,click
2016-10-22 13:40:48.861213,768682,control,view
2016-10-22 13:41:06.785910,768682,control,click
2016-10-22 14:20:33.495482,339650,control,view
2016-10-22 14:21:24.704653,339650,control,click
2016-10-22 14:44:22.459266,566815,experiment,view
2016-10-22 14:47:32.161908,820455,experiment,view
2016-10-22 15:46:22.119746,245830,experiment,view
2016-10-22 15:46:30.416214,245830,experiment,click
2016-10-22 15:59:25.191073,702090,control,view
2016-10-22 16:11:13.002822,725470,experiment,view
2016-10-22 16:20:05.655892,893500,experiment,view
2016-10-22 16:21:22.833602,893500,experiment,click
2016-10-22 16:29:33.176007,302886,experiment,view
